"SRC_ACT_NAME_ID","DST_ACT_NAME_ID","TYPE","SCORE"
"52","1097","phrase","20.598766326904297"
"52","1097","term","33.86467742919922"
"52","1097","3gram","350.1488342285156"
"52","1097","shingle","90.22667694091797"
"535","1300","term","16.755321502685547"
"535","1300","3gram","152.8147735595703"
"535","1300","shingle","25.115903854370117"
"1850","8308","phrase","39.816070556640625"
"1850","8308","term","47.55036926269531"
"1850","8308","3gram","347.13470458984375"
"1850","8308","shingle","121.52423095703125"
"1942","7319","phrase","29.783092498779297"
"1942","7319","term","31.274612426757812"
"1942","7319","3gram","199.32020568847656"
"1942","7319","shingle","69.71031188964844"
"579","9999","phrase","30.556936264038086"
"579","9999","term","30.556936264038086"
"579","9999","3gram","157.39515686035156"
"579","9999","shingle","67.63837432861328"
"1936","7294","phrase","27.582517623901367"
"1936","7294","term","29.07403564453125"
"1936","7294","3gram","183.00833129882812"
"1936","7294","shingle","71.66712188720703"
"1907","8642","phrase","39.575565338134766"
"1907","8642","term","39.575565338134766"
"1907","8642","3gram","221.63563537597656"
"1907","8642","shingle","73.33642578125"
"1413","1450","term","33.435028076171875"
"1413","1450","3gram","241.87283325195312"
"1413","1450","shingle","59.12590408325195"
"1878","9936","phrase","32.260528564453125"
"1878","9936","term","32.26052474975586"
"1878","9936","3gram","167.89039611816406"
"1878","9936","shingle","68.38003540039062"
"1019","11965","term","10.463808059692383"
"1019","12076","3gram","56.472049713134766"
"1019","11965","shingle","15.056548118591309"
"1845","1847","phrase","9.138019561767578"
"1845","1847","term","20.538700103759766"
"1845","1847","3gram","137.84442138671875"
"1845","1847","shingle","36.84092330932617"
"1202","5740","term","25.93963050842285"
"1202","1201","3gram","159.90151977539062"
"1202","5740","shingle","37.95240783691406"
"1366","8162","phrase","31.12973976135254"
"1366","8162","term","31.129737854003906"
"1366","8162","3gram","190.43104553222656"
"1366","8162","shingle","57.3582878112793"
"364","4544","term","15.836787223815918"
"364","4544","3gram","75.11856079101562"
"364","4544","shingle","23.68679428100586"
"1026","3531","term","15.392049789428711"
"1026","11690","3gram","138.4096221923828"
"1026","3531","shingle","31.79477310180664"
"1642","13521","3gram","114.46930694580078"
"1729","1839","term","36.47718811035156"
"1729","1839","3gram","288.8397216796875"
"1729","1839","shingle","80.24374389648438"
"362","8278","phrase","40.6979866027832"
"362","8278","term","40.6979866027832"
"362","8278","3gram","355.6319885253906"
"362","8278","shingle","94.90814971923828"
"2007","2517","term","7.637166976928711"
"2007","8803","3gram","47.897621154785156"
"2007","2517","shingle","9.915658950805664"
"1193","10524","term","20.16724395751953"
"1193","10524","3gram","155.2762908935547"
"1193","10524","shingle","30.542163848876953"
"966","10527","term","16.85374641418457"
"966","10527","3gram","134.1805419921875"
"966","10527","shingle","25.872074127197266"
"2082","3196","phrase","19.319244384765625"
"2082","3196","term","31.370677947998047"
"2082","3196","3gram","267.95513916015625"
"2082","3196","shingle","64.95477294921875"
"1733","785","term","28.09256362915039"
"1733","785","3gram","179.97207641601562"
"1733","785","shingle","64.42418670654297"
"1116","5740","phrase","40.837738037109375"
"1116","5740","term","45.82017135620117"
"1116","5740","3gram","309.9816589355469"
"1116","5740","shingle","80.73685455322266"
"2114","8120","3gram","211.005859375"
"806","13579","phrase","19.190649032592773"
"806","13579","term","19.190649032592773"
"806","13579","3gram","92.20051574707031"
"806","13579","shingle","36.86772918701172"
"97","7051","term","32.78194808959961"
"97","7051","3gram","184.6861114501953"
"97","7051","shingle","60.703094482421875"
"1583","3401","term","7.396401882171631"
"1672","609","3gram","204.76539611816406"
"782","11500","phrase","37.63949203491211"
"782","11500","term","37.63949203491211"
"782","11500","3gram","298.893798828125"
"782","11500","shingle","113.7630386352539"
"395","7219","phrase","19.928110122680664"
"395","7219","term","32.3593635559082"
"395","7219","3gram","251.9787139892578"
"395","7219","shingle","69.40458679199219"
"1249","3111","term","23.573976516723633"
"1249","3111","3gram","231.22976684570312"
"1249","10874","shingle","57.38304138183594"
"1141","1067","term","20.671550750732422"
"1141","1067","3gram","154.73512268066406"
"1141","1067","shingle","35.44248580932617"
"1509","3603","term","37.39725875854492"
"1509","3603","3gram","305.28070068359375"
"1509","3603","shingle","102.0666275024414"
"86","3553","term","15.744329452514648"
"86","3553","3gram","107.95977783203125"
"86","3553","shingle","22.24517059326172"
"1022","11624","phrase","27.02445411682129"
"1022","11624","term","27.024452209472656"
"1022","11624","3gram","157.96554565429688"
"1022","11624","shingle","51.77912139892578"
"349","10370","term","16.748905181884766"
"349","10370","3gram","182.36964416503906"
"349","10370","shingle","29.577892303466797"
"438","2415","term","19.482139587402344"
"438","2415","3gram","142.11276245117188"
"438","2415","shingle","44.54844284057617"
"1066","13404","term","8.569647789001465"
"1066","13384","3gram","43.05157470703125"
"1066","13500","shingle","12.4977388381958"
"1130","824","phrase","15.8311767578125"
"1130","824","term","25.34827995300293"
"1130","824","3gram","179.02040100097656"
"1130","824","shingle","54.26300811767578"
"1937","7295","phrase","28.800914764404297"
"1937","7295","term","30.292434692382812"
"1937","7295","3gram","189.1397247314453"
"1937","7295","shingle","74.24637603759766"
"848","7419","phrase","20.966894149780273"
"848","7419","term","20.96689224243164"
"848","7419","3gram","109.1971435546875"
"848","7419","shingle","34.039554595947266"
"1165","603","3gram","219.28665161132812"
"1139","1028","phrase","26.13968849182129"
"1139","1028","term","26.13968849182129"
"1139","1028","3gram","151.28343200683594"
"1139","1028","shingle","47.6796989440918"
"1324","7880","term","15.998411178588867"
"1324","7880","3gram","88.56011962890625"
"1324","7880","shingle","22.47564125061035"
"1372","11470","term","27.402978897094727"
"1372","11470","3gram","195.53514099121094"
"1372","11470","shingle","54.2769775390625"
"1988","9736","term","18.997758865356445"
"1988","9736","shingle","32.44324493408203"
"1236","3420","term","5.804873943328857"
"1236","3420","shingle","9.648881912231445"
"612","11187","term","12.28850269317627"
"612","7941","3gram","122.0530014038086"
"612","11187","shingle","17.588666915893555"
"922","2614","term","13.034319877624512"
"922","1136","3gram","71.09187316894531"
"922","2614","shingle","18.057615280151367"
"1462","7266","phrase","25.950510025024414"
"1462","7266","term","43.134002685546875"
"1462","7266","3gram","336.7154541015625"
"1462","7266","shingle","119.21240234375"
"1247","7883","phrase","26.13318634033203"
"1247","7883","term","26.13318634033203"
"1247","7883","3gram","152.99740600585938"
"1247","7883","shingle","45.385276794433594"
"512","7068","phrase","43.159873962402344"
"512","7068","term","43.159873962402344"
"512","7068","3gram","264.11383056640625"
"512","7068","shingle","91.62550354003906"
"1920","11501","term","34.83184814453125"
"1920","11501","3gram","295.6715393066406"
"1920","11501","shingle","103.644775390625"
"1620","8317","phrase","35.13990020751953"
"1620","8317","term","35.13990020751953"
"1620","8317","3gram","229.08241271972656"
"1620","8317","shingle","68.21894073486328"
"355","1279","term","23.171112060546875"
"355","1279","3gram","196.2994842529297"
"355","1279","shingle","54.18943786621094"
"1943","7320","phrase","30.463768005371094"
"1943","7320","term","31.955286026000977"
"1943","7320","3gram","202.37322998046875"
"1943","7320","shingle","71.17207336425781"
"1769","11428","phrase","30.489124298095703"
"1769","11428","term","30.489124298095703"
"1769","11428","3gram","209.30796813964844"
"1769","11428","shingle","58.93937301635742"
"376","10875","term","21.386648178100586"
"376","10875","shingle","34.69655227661133"
"283","11279","phrase","23.616952896118164"
"283","11279","term","23.616952896118164"
"283","11279","3gram","93.4941177368164"
"283","11279","shingle","38.45985412597656"
"1285","2675","term","48.726253509521484"
"1285","2675","3gram","494.8691711425781"
"658","655","term","20.921737670898438"
"658","655","shingle","35.097572326660156"
"36","9757","term","20.890460968017578"
"36","9757","3gram","149.45652770996094"
"36","9757","shingle","36.57258224487305"
"1181","11459","phrase","32.867008209228516"
"1181","11459","term","32.867008209228516"
"1181","11459","3gram","230.91909790039062"
"1181","11459","shingle","66.49929809570312"
"1105","2702","phrase","19.114076614379883"
"1105","2702","term","30.11650848388672"
"1105","2702","3gram","202.65516662597656"
"1105","2702","shingle","81.06946563720703"
"1483","3194","phrase","20.262609481811523"
"1483","3194","term","32.902523040771484"
"1483","3194","3gram","195.42135620117188"
"1483","3194","shingle","63.0706787109375"
"1829","107","term","6.29247522354126"
"1829","1737","3gram","23.424388885498047"
"1829","107","shingle","7.844655513763428"
"90","12497","term","18.36307144165039"
"90","12497","3gram","117.71552276611328"
"90","12497","shingle","30.050081253051758"
"1928","557","term","19.74783706665039"
"1928","1847","3gram","121.90943145751953"
"1928","1847","shingle","30.599138259887695"
"1635","8644","term","17.05555534362793"
"1635","8644","3gram","70.39136505126953"
"1635","8644","shingle","24.079511642456055"
"1395","1968","term","28.154951095581055"
"1395","1968","3gram","203.67840576171875"
"1395","1968","shingle","55.82106018066406"
"1724","739","term","20.428367614746094"
"1724","739","3gram","172.25787353515625"
"1724","739","shingle","33.84601593017578"
"1252","7292","phrase","33.667137145996094"
"1252","7292","term","35.14224624633789"
"1252","7292","3gram","251.8302764892578"
"1252","7292","shingle","86.93506622314453"
"1760","10961","phrase","30.134138107299805"
"1760","10961","term","30.134140014648438"
"1760","10961","3gram","189.056884765625"
"1760","10961","shingle","58.228084564208984"
"44","9916","phrase","9.606389045715332"
"44","9916","term","14.537117004394531"
"44","9916","3gram","86.05537414550781"
"44","9916","shingle","20.450273513793945"
"1912","10880","phrase","39.69348907470703"
"1912","10880","term","39.693485260009766"
"1912","10880","3gram","363.9583740234375"
"1912","10880","shingle","84.06188201904297"
"2062","13728","phrase","33.822879791259766"
"2062","13728","term","33.822879791259766"
"2062","13728","3gram","241.5882568359375"
"2062","13728","shingle","75.63885498046875"
"865","7233","term","13.316180229187012"
"865","7233","3gram","68.69393920898438"
"865","7233","shingle","16.685745239257812"
"489","3317","term","14.878211975097656"
"489","3317","3gram","177.23081970214844"
"489","3317","shingle","24.197385787963867"
"63","1870","term","17.2940616607666"
"63","11125","3gram","119.6065673828125"
"63","1870","shingle","27.698123931884766"
"466","8306","phrase","24.447864532470703"
"466","8306","term","24.447866439819336"
"466","8306","3gram","53.25938034057617"
"466","8306","shingle","37.32215881347656"
"541","11282","phrase","32.264625549316406"
"541","11282","term","32.26462936401367"
"541","11282","3gram","212.39451599121094"
"541","11282","shingle","56.55519485473633"
"1771","12848","phrase","31.421464920043945"
"1771","12848","term","31.421466827392578"
"1771","12848","3gram","300.4980163574219"
"1771","12848","shingle","76.6828842163086"
"988","1138","term","26.653223037719727"
"988","1138","3gram","210.45372009277344"
"988","1138","shingle","44.38367462158203"
"1716","8213","term","23.39315414428711"
"1716","8213","3gram","198.60647583007812"
"1716","3562","shingle","55.012516021728516"
"1875","11527","phrase","23.67043113708496"
"1875","11527","term","23.67043113708496"
"1875","11527","3gram","175.31565856933594"
"1875","11527","shingle","40.82356262207031"
"1265","8162","term","26.250289916992188"
"1265","8162","3gram","142.55923461914062"
"1265","8162","shingle","43.29547119140625"
"1038","12349","term","15.852910041809082"
"1038","12349","3gram","119.1700668334961"
"1038","12349","shingle","38.045352935791016"
"1472","205","term","13.061607360839844"
"1472","205","3gram","79.33387756347656"
"1472","205","shingle","16.29121971130371"
"2061","13727","phrase","27.794086456298828"
"2061","13727","term","27.79408836364746"
"2061","13727","3gram","118.96625518798828"
"2061","13727","shingle","48.18828582763672"
"2072","979","term","18.99432945251465"
"2072","979","shingle","28.452041625976562"
"1940","7305","phrase","32.98501968383789"
"1940","7305","term","34.47653579711914"
"1940","7305","3gram","184.60635375976562"
"1940","7305","shingle","76.58653259277344"
"106","7323","phrase","30.57213592529297"
"106","7323","term","30.5721378326416"
"106","7323","3gram","175.70016479492188"
"106","7323","shingle","53.629093170166016"
"34","9762","term","18.40070152282715"
"34","9762","3gram","153.10784912109375"
"222","7248","term","37.648433685302734"
"222","7248","3gram","241.698486328125"
"222","7248","shingle","84.05779266357422"
"1030","11965","term","10.463808059692383"
"1030","12084","3gram","66.53878784179688"
"1030","12084","shingle","15.634692192077637"
"985","1957","phrase","18.44890785217285"
"985","1957","term","30.70958137512207"
"985","1957","3gram","165.4977264404297"
"985","1957","shingle","55.270355224609375"
"553","3870","term","23.475589752197266"
"553","3870","3gram","185.491943359375"
"553","3870","shingle","40.28403091430664"
"583","10397","phrase","26.710847854614258"
"583","10397","term","26.71084976196289"
"583","10397","3gram","204.37081909179688"
"583","10397","shingle","48.983341217041016"
"661","11407","term","23.967557907104492"
"661","11407","3gram","156.9217529296875"
"661","11407","shingle","54.33584213256836"
"726","7890","phrase","27.05718231201172"
"726","7890","term","27.05718421936035"
"726","7890","3gram","204.35682678222656"
"726","7890","shingle","49.49369812011719"
"120","8120","term","19.496437072753906"
"120","8120","3gram","203.0429229736328"
"120","8120","shingle","32.92719268798828"
"990","1764","term","24.77742576599121"
"990","1764","3gram","152.93939208984375"
"990","1764","shingle","53.40022277832031"
"1872","1431","phrase","10.20113468170166"
"1872","1431","term","21.945070266723633"
"1872","1431","3gram","183.4356231689453"
"1872","1431","shingle","43.60346221923828"
"1037","12396","term","15.357601165771484"
"1037","12396","3gram","123.45819854736328"
"1037","12396","shingle","25.479961395263672"
"254","13513","phrase","24.300153732299805"
"254","13513","term","24.300155639648438"
"254","13513","3gram","209.03504943847656"
"254","13513","shingle","39.93885040283203"
"2073","10993","term","36.970062255859375"
"2073","10993","3gram","235.86618041992188"
"2073","10993","shingle","68.4626235961914"
"1536","591","phrase","27.098587036132812"
"1536","591","term","27.098587036132812"
"1536","591","3gram","185.34263610839844"
"1536","591","shingle","49.60898208618164"
"890","7228","phrase","13.920093536376953"
"890","7228","term","13.920093536376953"
"890","7228","3gram","61.38813400268555"
"890","7228","shingle","23.149057388305664"
"226","1608","term","24.309595108032227"
"226","1608","3gram","179.39736938476562"
"226","1608","shingle","51.31159591674805"
"1897","13243","phrase","34.9295654296875"
"1897","13243","term","34.9295654296875"
"1897","13243","3gram","267.26324462890625"
"1897","13243","shingle","67.68346405029297"
"1959","11427","phrase","29.124055862426758"
"1959","11427","term","29.124055862426758"
"1959","11427","3gram","202.9290313720703"
"1959","11427","shingle","56.204166412353516"
"1041","810","term","14.580857276916504"
"1041","12722","3gram","126.13255310058594"
"1041","12722","shingle","22.111183166503906"
"1433","193","term","19.473602294921875"
"1433","8001","3gram","141.43458557128906"
"1433","193","shingle","30.6005859375"
"709","7322","term","23.213184356689453"
"709","7322","3gram","187.9334716796875"
"709","7322","shingle","42.131431579589844"
"230","11327","term","18.31644058227539"
"230","11327","3gram","127.95622253417969"
"230","11327","shingle","30.276411056518555"
"1012","3431","term","25.859424591064453"
"1012","3431","3gram","191.92124938964844"
"1012","3431","shingle","46.20602798461914"
"554","4032","term","20.231616973876953"
"554","4032","shingle","45.481544494628906"
"392","3872","term","35.649452209472656"
"392","3872","3gram","259.791015625"
"392","3872","shingle","70.51031494140625"
"1717","9606","phrase","32.43128204345703"
"1717","9606","term","32.43128204345703"
"1717","9606","3gram","195.34568786621094"
"1717","9606","shingle","71.52720642089844"
"1494","3284","term","30.967496871948242"
"1494","3284","3gram","266.43145751953125"
"1494","3284","shingle","72.21211242675781"
"1655","3277","term","32.05949020385742"
"1655","3277","3gram","285.343017578125"
"1655","3277","shingle","74.31014251708984"
"305","14022","phrase","24.876916885375977"
"305","14022","term","26.50448226928711"
"305","14022","3gram","181.12973022460938"
"305","14022","shingle","48.380977630615234"
"1200","3128","3gram","322.5816650390625"
"1319","1961","term","34.89426803588867"
"1319","1961","3gram","301.7340393066406"
"1319","1961","shingle","74.31171417236328"
"499","1240","term","13.263381958007812"
"499","1240","3gram","94.74746704101562"
"499","1240","shingle","18.479007720947266"
"1515","1224","term","28.828845977783203"
"1515","1224","3gram","241.03189086914062"
"1515","1224","shingle","49.23775100708008"
"2055","8821","term","13.21969985961914"
"2055","8821","3gram","136.47128295898438"
"2055","8821","shingle","21.699983596801758"
"666","1246","phrase","24.970291137695312"
"666","1246","term","24.970291137695312"
"666","1246","3gram","172.18539428710938"
"666","1246","shingle","43.235233306884766"
"1290","3309","3gram","252.85023498535156"
"1290","3307","shingle","65.91818237304688"
"1766","11374","phrase","40.52368927001953"
"1766","11374","term","40.523685455322266"
"1766","11374","3gram","172.7598419189453"
"1766","11374","shingle","94.6676025390625"
"1064","13359","term","26.89362335205078"
"1064","13359","3gram","186.5499267578125"
"481","3086","term","20.954519271850586"
"481","3086","3gram","115.95223236083984"
"481","3086","shingle","36.26276397705078"
"1044","12820","phrase","30.520511627197266"
"1044","12820","term","30.520511627197266"
"1044","12820","3gram","300.7899169921875"
"1044","12820","shingle","90.53311157226562"
"1276","12110","phrase","46.669010162353516"
"1276","12110","term","46.66900634765625"
"1276","12110","3gram","424.0559997558594"
"1276","12110","shingle","109.72500610351562"
"351","1576","term","21.36402702331543"
"351","1576","3gram","137.1197967529297"
"351","1576","shingle","32.82802200317383"
"1399","2767","3gram","411.1262512207031"
"2006","8815","phrase","32.74393844604492"
"2006","8815","term","32.74393844604492"
"2006","8815","3gram","245.72433471679688"
"2006","8815","shingle","63.2641716003418"
"692","7877","phrase","20.03190803527832"
"692","7877","term","20.03190803527832"
"692","7877","3gram","98.99674224853516"
"692","7877","shingle","30.59710121154785"
"1080","11965","term","7.431321144104004"
"1080","11965","shingle","10.642942428588867"
"444","9851","term","16.736234664916992"
"444","9851","shingle","25.010860443115234"
"1071","3725","term","15.17680549621582"
"1071","3725","3gram","65.6612548828125"
"1071","3725","shingle","22.065338134765625"
"1732","11502","term","35.98813247680664"
"1732","11502","3gram","301.68621826171875"
"1732","11502","shingle","106.11825561523438"
"459","1110","phrase","20.22511863708496"
"459","1110","term","31.867082595825195"
"459","1110","3gram","248.11032104492188"
"459","1110","shingle","63.43145751953125"
"1889","8278","phrase","40.6979866027832"
"1889","8278","term","40.6979866027832"
"1889","8278","3gram","355.6319885253906"
"1889","8278","shingle","94.90814971923828"
"1542","3301","term","31.73258399963379"
"1542","3301","3gram","244.65245056152344"
"1542","3301","shingle","75.97587585449219"
"2015","518","term","17.719341278076172"
"2015","853","3gram","122.02376556396484"
"2015","518","shingle","26.006244659423828"
"2052","9762","term","18.40070152282715"
"2052","9762","3gram","153.10784912109375"
"2052","9764","shingle","29.92098617553711"
"157","8928","phrase","21.992216110229492"
"157","8928","term","21.992216110229492"
"157","8928","3gram","122.8499526977539"
"157","8928","shingle","37.68058776855469"
"1062","13356","term","17.297061920166016"
"1062","13356","3gram","110.45478057861328"
"1062","13356","shingle","26.809646606445312"
"59","10995","phrase","29.993684768676758"
"59","10995","term","29.993684768676758"
"59","10995","3gram","145.92300415039062"
"59","10995","shingle","49.45762252807617"
"458","1362","term","20.880064010620117"
"458","1362","3gram","163.1765899658203"
"458","1362","shingle","33.19718551635742"
"267","7241","term","25.35650062561035"
"267","7985","3gram","148.619384765625"
"267","2248","shingle","54.19860076904297"
"1800","1932","term","48.078636169433594"
"1800","1932","3gram","497.38714599609375"
"2054","1810","term","10.43910026550293"
"2054","1869","3gram","61.78224182128906"
"2054","7993","shingle","16.330148696899414"
"372","2702","term","30.11650848388672"
"372","2702","3gram","205.27523803710938"
"372","2702","shingle","77.35737609863281"
"866","1132","term","28.538930892944336"
"866","1132","3gram","242.56687927246094"
"866","1132","shingle","61.82891845703125"
"60","61","term","25.879104614257812"
"60","61","3gram","161.54092407226562"
"60","61","shingle","44.298912048339844"
"1775","2765","term","42.86433792114258"
"1775","2765","3gram","367.36553955078125"
"1775","2765","shingle","108.20598602294922"
"1799","2767","term","60.7448844909668"
"637","8253","term","26.166969299316406"
"1024","11626","phrase","24.687196731567383"
"1024","11626","term","24.687196731567383"
"1024","11626","3gram","144.77305603027344"
"1024","11626","shingle","44.90251541137695"
"1370","11463","term","28.838584899902344"
"1370","11463","3gram","227.28147888183594"
"1370","11463","shingle","56.992401123046875"
"1874","11525","phrase","22.803457260131836"
"1874","11525","term","22.803457260131836"
"1874","11525","3gram","172.0057373046875"
"1874","11525","shingle","39.24787902832031"
"536","10505","term","25.778568267822266"
"536","10505","3gram","218.8086395263672"
"536","10505","shingle","45.40962600708008"
"2026","154","phrase","12.764832496643066"
"2026","154","term","19.74184226989746"
"2026","154","3gram","119.23552703857422"
"2026","154","shingle","32.51268768310547"
"823","7272","term","17.17357635498047"
"823","7272","3gram","85.4342041015625"
"823","7272","shingle","25.840608596801758"
"2106","10060","phrase","39.732173919677734"
"2106","10060","term","39.732173919677734"
"2106","10060","3gram","285.1729431152344"
"2106","10060","shingle","80.59809112548828"
"2044","1098","term","18.43968963623047"
"2044","1098","3gram","120.26066589355469"
"2044","1098","shingle","28.364051818847656"
"1539","682","term","28.96552085876465"
"1539","13547","3gram","283.9488830566406"
"799","6433","term","18.910165786743164"
"799","6433","3gram","72.73346710205078"
"799","6433","shingle","28.779720306396484"
"316","1104","term","19.82733917236328"
"316","1104","3gram","156.69850158691406"
"316","1104","shingle","32.97997283935547"
"729","1127","phrase","33.723297119140625"
"729","1127","term","33.723297119140625"
"729","1127","3gram","254.0277557373047"
"729","1127","shingle","67.98959350585938"
"334","7395","phrase","28.83190155029297"
"334","7395","term","28.831899642944336"
"334","7395","3gram","194.9805450439453"
"334","7395","shingle","50.14567947387695"
"1018","11965","term","10.463808059692383"
"1018","11965","3gram","35.582672119140625"
"1018","11965","shingle","16.15435028076172"
"833","7295","phrase","28.800914764404297"
"833","7295","term","30.292434692382812"
"833","7295","3gram","189.1397247314453"
"833","7295","shingle","74.24637603759766"
"1493","3276","term","29.97808074951172"
"1493","3287","3gram","256.0658874511719"
"1493","3276","shingle","70.68994140625"
"1188","2229","phrase","21.867216110229492"
"1188","2229","term","21.867216110229492"
"1188","2229","3gram","101.25261688232422"
"1188","2229","shingle","40.51226806640625"
"1651","13521","term","15.665297508239746"
"1651","13521","3gram","114.46930694580078"
"1651","13521","shingle","33.95989227294922"
"514","4187","term","16.898639678955078"
"514","4187","3gram","106.17740631103516"
"514","4187","shingle","26.347471237182617"
"969","10099","phrase","7.810301303863525"
"969","10099","term","16.34821891784668"
"969","10099","3gram","108.46122741699219"
"969","10099","shingle","24.305278778076172"
"1286","2676","term","46.76375961303711"
"1286","2676","3gram","542.8681030273438"
"1750","9886","phrase","32.17927932739258"
"1750","9886","term","32.17927932739258"
"1750","9886","3gram","178.51051330566406"
"1750","9886","shingle","59.33195495605469"
"506","13241","term","15.652704238891602"
"506","13241","3gram","108.64373779296875"
"506","13241","shingle","21.763254165649414"
"977","10848","term","23.90953826904297"
"977","10848","3gram","152.82949829101562"
"977","10848","shingle","39.71585464477539"
"1251","7291","phrase","32.51085662841797"
"1251","7291","term","33.985965728759766"
"1251","7291","3gram","245.81558227539062"
"1251","7291","shingle","84.39205932617188"
"1663","8312","phrase","23.760725021362305"
"1663","8312","term","23.760725021362305"
"1663","8312","3gram","141.54188537597656"
"1663","8312","shingle","41.13185501098633"
"1773","13298","phrase","34.056617736816406"
"1773","13298","term","34.056617736816406"
"1773","13298","3gram","204.49566650390625"
"1773","13298","shingle","75.05341339111328"
"943","10079","term","30.656326293945312"
"943","10079","3gram","212.58053588867188"
"943","10079","shingle","47.82334899902344"
"991","6039","term","28.945911407470703"
"991","6039","3gram","184.73387145996094"
"991","6039","shingle","57.09627914428711"
"516","7936","term","25.369220733642578"
"516","7936","3gram","230.3578338623047"
"516","7936","shingle","57.33374786376953"
"1261","10669","term","36.714622497558594"
"1261","10669","3gram","237.5253448486328"
"1261","10669","shingle","78.15098571777344"
"1185","1341","term","26.153392791748047"
"1185","1341","3gram","172.78619384765625"
"1185","1341","shingle","47.66926193237305"
"196","1222","term","19.312084197998047"
"196","1222","3gram","115.78089904785156"
"196","1222","shingle","30.330652236938477"
"656","10958","term","19.74067497253418"
"656","10958","shingle","32.3022575378418"
"2112","1397","term","47.4898681640625"
"2112","1397","shingle","105.38752746582031"
"1029","11695","phrase","29.152132034301758"
"1029","11695","term","29.152130126953125"
"1029","11695","3gram","167.52076721191406"
"1029","11695","shingle","56.04237365722656"
"49","5129","term","22.17351722717285"
"49","5129","3gram","126.54866027832031"
"49","5129","shingle","50.46505355834961"
"789","11509","phrase","15.653973579406738"
"789","11509","term","26.38395118713379"
"789","11509","3gram","172.77398681640625"
"789","11509","shingle","60.03361129760742"
"1296","1242","phrase","16.301286697387695"
"1296","1242","term","25.211252212524414"
"1296","1242","3gram","170.6993865966797"
"1296","1242","shingle","39.959190368652344"
"899","13566","term","12.554201126098633"
"899","13566","3gram","54.5317268371582"
"899","4307","shingle","16.02548599243164"
"1948","8846","phrase","29.099449157714844"
"1948","8846","term","29.099449157714844"
"1948","8846","3gram","177.838134765625"
"1948","8846","shingle","48.016334533691406"
"223","5825","term","24.407730102539062"
"223","5825","3gram","177.54270935058594"
"223","5825","shingle","40.53974533081055"
"2028","7322","phrase","31.00773048400879"
"2028","7322","term","31.007728576660156"
"2028","7322","3gram","236.4078369140625"
"2028","7322","shingle","57.04719543457031"
"1112","493","term","23.346742630004883"
"1112","493","3gram","147.60923767089844"
"1112","493","shingle","34.30983352661133"
"850","2253","term","28.191282272338867"
"850","2253","3gram","231.7903594970703"
"850","2253","shingle","49.235443115234375"
"1361","3599","term","46.93800735473633"
"993","1764","term","24.77742576599121"
"993","1764","3gram","152.93939208984375"
"993","6041","shingle","46.2694206237793"
"1616","8312","phrase","23.760725021362305"
"1616","8312","term","23.760725021362305"
"1616","8312","3gram","141.54188537597656"
"1616","8312","shingle","41.13185501098633"
"1687","1271","phrase","48.263648986816406"
"1687","1271","term","48.26364517211914"
"1687","1271","3gram","441.51202392578125"
"1687","1271","shingle","113.46083068847656"
"509","13711","term","22.743274688720703"
"509","13711","3gram","124.46006774902344"
"509","13711","shingle","48.309791564941406"
"1056","12795","term","32.100345611572266"
"1056","12795","3gram","297.8978271484375"
"1056","12795","shingle","61.326820373535156"
"1280","2252","phrase","38.84733963012695"
"1280","2252","term","38.84733963012695"
"1280","2252","3gram","324.42144775390625"
"1280","2252","shingle","85.0491943359375"
"1909","10398","phrase","27.522300720214844"
"1909","10398","term","27.52229881286621"
"1909","10398","3gram","206.4758758544922"
"1909","10398","shingle","50.53484344482422"
"1697","9832","3gram","328.8422546386719"
"1910","10399","phrase","28.974790573120117"
"1910","10399","term","28.974790573120117"
"1910","10399","3gram","212.9862518310547"
"1910","10399","shingle","53.31202697753906"
"2004","1603","term","27.603260040283203"
"2004","8186","3gram","218.02899169921875"
"2004","1603","shingle","65.46316528320312"
"1768","11427","phrase","29.124055862426758"
"1768","11427","term","29.124055862426758"
"1768","11427","3gram","202.9290313720703"
"1768","11427","shingle","56.204166412353516"
"601","1121","term","16.447940826416016"
"601","1121","3gram","111.37702178955078"
"601","1121","shingle","23.574417114257812"
"1921","11502","term","35.98813247680664"
"1921","11502","3gram","301.68621826171875"
"1921","11502","shingle","106.11825561523438"
"1935","7293","phrase","26.901845932006836"
"1935","7293","term","28.39336395263672"
"1935","7293","3gram","179.95530700683594"
"1935","7293","shingle","70.2261962890625"
"737","8032","term","16.351694107055664"
"737","8032","3gram","144.29458618164062"
"737","8032","shingle","28.316904067993164"
"551","7271","term","10.632735252380371"
"551","7271","shingle","13.263213157653809"
"844","7321","phrase","31.682165145874023"
"844","7321","term","33.17368698120117"
"844","7321","3gram","208.50462341308594"
"844","7321","shingle","73.78861999511719"
"1767","11426","phrase","28.36144256591797"
"1767","11426","term","28.361446380615234"
"1767","11426","3gram","199.75274658203125"
"1767","11426","shingle","54.676116943359375"
"1986","9734","term","16.578903198242188"
"1986","9734","shingle","28.04708480834961"
"562","338","term","31.262510299682617"
"562","338","3gram","276.4476013183594"
"562","338","shingle","68.80682373046875"
"1761","10962","phrase","30.896751403808594"
"1761","10962","term","30.89674949645996"
"1761","10962","3gram","192.23316955566406"
"1761","10962","shingle","59.756134033203125"
"605","7326","phrase","49.65201187133789"
"605","7326","term","49.65201187133789"
"605","7326","3gram","394.30120849609375"
"605","7326","shingle","129.2252197265625"
"450","10038","term","9.94931697845459"
"450","10038","3gram","77.89508819580078"
"450","10038","shingle","13.902006149291992"
"653","655","term","20.921737670898438"
"653","655","shingle","35.097572326660156"
"593","13578","term","22.477815628051758"
"385","3522","term","16.97170639038086"
"385","3522","3gram","170.1510467529297"
"385","8459","shingle","37.27055740356445"
"1963","12820","phrase","30.520511627197266"
"1963","12820","term","30.520511627197266"
"1963","12820","3gram","300.7899169921875"
"1963","12820","shingle","90.53311157226562"
"1866","1869","phrase","20.289958953857422"
"1866","1869","term","25.06526756286621"
"1866","1869","3gram","149.16148376464844"
"1866","1869","shingle","56.27034378051758"
"809","12641","term","21.95705795288086"
"809","12641","3gram","149.6002655029297"
"809","12641","shingle","38.855499267578125"
"651","2086","term","11.721892356872559"
"651","2086","3gram","71.11796569824219"
"651","2086","shingle","16.319530487060547"
"1109","3305","term","23.885662078857422"
"1109","3305","3gram","222.9344482421875"
"1993","9736","phrase","22.668790817260742"
"1993","9736","term","22.668790817260742"
"1993","9736","3gram","152.2676544189453"
"1993","9736","shingle","39.11518478393555"
"408","9964","phrase","44.86707305908203"
"408","9964","term","44.86707305908203"
"408","9964","3gram","319.30914306640625"
"408","9964","shingle","98.99613952636719"
"302","13537","phrase","12.929557800292969"
"302","13537","term","19.996604919433594"
"302","13537","3gram","115.73483276367188"
"302","13537","shingle","31.567298889160156"
"623","7327","phrase","33.57723617553711"
"623","7327","term","33.577239990234375"
"623","7327","3gram","194.64198303222656"
"623","7327","shingle","58.98473358154297"
"447","5330","3gram","79.11821746826172"
"1652","1459","term","32.00179672241211"
"1652","7266","3gram","164.67770385742188"
"1652","1459","shingle","63.685333251953125"
"1187","2228","phrase","20.580081939697266"
"1187","2228","term","20.580080032348633"
"1187","2228","3gram","99.43695068359375"
"1187","2228","shingle","36.47408676147461"
"891","7229","phrase","17.323070526123047"
"891","7229","term","17.323068618774414"
"891","7229","3gram","114.74746704101562"
"891","7229","shingle","30.894277572631836"
"1473","10997","term","20.6866397857666"
"1473","10997","3gram","93.79483032226562"
"1473","10997","shingle","33.8639030456543"
"561","2270","term","22.39362907409668"
"561","4227","3gram","146.15223693847656"
"561","2270","shingle","41.156349182128906"
"837","7304","phrase","31.76661491394043"
"837","7304","term","33.25813674926758"
"837","7304","3gram","178.47496032714844"
"837","7304","shingle","73.96997833251953"
"838","7305","phrase","32.98501968383789"
"838","7305","term","34.47653579711914"
"838","7305","3gram","184.60635375976562"
"838","7305","shingle","76.58653259277344"
"633","8234","term","18.973264694213867"
"633","7232","3gram","145.4530792236328"
"633","7232","shingle","41.165828704833984"
"1250","7290","phrase","31.864885330200195"
"1250","7290","term","33.339996337890625"
"1250","7290","3gram","242.8206787109375"
"1250","7290","shingle","82.97138214111328"
"1416","66","3gram","235.4811553955078"
"1263","253","term","17.89230728149414"
"1263","3775","3gram","175.47059631347656"
"1263","3775","shingle","38.867401123046875"
"118","8033","term","31.16753578186035"
"118","8033","3gram","282.0531921386719"
"118","8033","shingle","68.01075744628906"
"1405","188","term","21.105485916137695"
"1405","188","3gram","132.46937561035156"
"1405","188","shingle","43.96118927001953"
"1524","391","term","17.28192138671875"
"1524","391","shingle","27.666933059692383"
"1355","2767","term","51.945579528808594"
"1355","2767","3gram","494.8544006347656"
"2046","235","term","20.82477569580078"
"2046","235","shingle","43.74735641479492"
"1882","7266","term","46.45252990722656"
"1882","7266","3gram","366.1850891113281"
"1882","7266","shingle","127.44669342041016"
"421","11292","phrase","30.20206069946289"
"421","11292","term","30.202062606811523"
"421","11292","3gram","179.53367614746094"
"421","11292","shingle","55.542869567871094"
"1179","10994","phrase","34.16585922241211"
"1179","10994","term","34.165863037109375"
"1179","10994","3gram","222.6131134033203"
"1179","10994","shingle","60.04033660888672"
"1389","10013","phrase","35.26504898071289"
"1389","10013","term","35.26504898071289"
"1389","10013","3gram","193.06581115722656"
"1389","10013","shingle","76.49615478515625"
"1618","8314","phrase","38.53822708129883"
"1618","8314","term","38.53822326660156"
"1618","8314","3gram","204.72006225585938"
"1618","8314","shingle","75.02821350097656"
"722","7399","term","9.707311630249023"
"722","4743","3gram","19.9022274017334"
"722","7399","shingle","12.101838111877441"
"1069","13364","phrase","31.929588317871094"
"1069","13364","term","31.929590225219727"
"1069","13364","3gram","195.0174102783203"
"1069","13364","shingle","58.8221435546875"
"1407","320","term","14.457656860351562"
"1407","320","shingle","20.044208526611328"
"1596","3401","term","9.77306079864502"
"1596","3401","3gram","100.35395050048828"
"1492","3286","term","32.04997253417969"
"1492","3286","3gram","252.69969177246094"
"1492","3276","shingle","58.4094352722168"
"318","2584","term","29.631450653076172"
"318","2584","3gram","234.3853759765625"
"318","2584","shingle","54.67665100097656"
"1480","1119","term","28.507394790649414"
"1480","11494","3gram","206.06411743164062"
"1480","11494","shingle","67.36170959472656"
"2084","10669","phrase","39.641700744628906"
"2084","10669","term","39.64169692993164"
"2084","10669","3gram","268.5364990234375"
"2084","10669","shingle","90.18121337890625"
"1400","1294","term","47.608524322509766"
"1400","1294","3gram","427.48809814453125"
"1400","1294","shingle","165.04331970214844"
"1938","7303","phrase","31.0859432220459"
"1938","7303","term","32.57746505737305"
"1938","7303","3gram","175.4219512939453"
"1938","7303","shingle","72.50821685791016"
"694","8638","term","27.304393768310547"
"694","8638","3gram","184.57566833496094"
"694","8638","shingle","47.53762435913086"
"1906","12106","3gram","309.14959716796875"
"1248","7882","phrase","32.536502838134766"
"1248","7882","term","32.536502838134766"
"1248","7882","3gram","290.3861999511719"
"1248","7882","shingle","73.22783660888672"
"628","7230","term","27.689664840698242"
"628","7230","3gram","115.38239288330078"
"628","7230","shingle","38.663326263427734"
"933","932","term","20.64757537841797"
"933","935","3gram","134.0403289794922"
"933","932","shingle","30.774368286132812"
"1883","13611","phrase","34.37200164794922"
"1883","13611","term","34.37200164794922"
"1883","13611","3gram","287.1553039550781"
"1883","13611","shingle","74.38389587402344"
"1415","379","phrase","8.97226619720459"
"1415","379","term","19.301483154296875"
"1415","379","3gram","148.7012176513672"
"1415","379","shingle","40.31805419921875"
"422","11295","phrase","30.82431411743164"
"422","11295","term","30.824312210083008"
"422","11295","3gram","218.37925720214844"
"422","11295","shingle","56.73262023925781"
"1662","8310","phrase","22.89375114440918"
"1662","8310","term","22.893749237060547"
"1662","8310","3gram","138.2319793701172"
"1662","8310","shingle","39.55616760253906"
"1960","11428","phrase","30.489124298095703"
"1960","11428","term","30.489124298095703"
"1960","11428","3gram","209.30796813964844"
"1960","11428","shingle","58.93937301635742"
"1014","6315","term","19.262277603149414"
"1014","6315","3gram","152.24525451660156"
"1014","6315","shingle","32.56101989746094"
"1999","10056","phrase","30.881929397583008"
"1999","10056","term","30.88193130493164"
"1999","10056","3gram","203.33990478515625"
"1999","10056","shingle","56.88713455200195"
"1448","2756","term","29.503705978393555"
"1448","1519","3gram","199.69964599609375"
"1448","1519","shingle","66.45698547363281"
"1464","1932","phrase","15.106554985046387"
"1464","1932","term","41.60622787475586"
"1464","1932","3gram","407.41351318359375"
"1464","1932","shingle","105.61214447021484"
"559","9998","term","18.729076385498047"
"559","9998","shingle","28.473190307617188"
"1500","10154","phrase","31.10515594482422"
"1500","10154","term","32.61724090576172"
"1500","10154","3gram","135.06222534179688"
"1500","10154","shingle","60.36350631713867"
"950","10082","phrase","12.051360130310059"
"950","10082","term","18.638397216796875"
"950","10082","3gram","106.2007064819336"
"950","10082","shingle","30.259708404541016"
"1939","7304","phrase","31.76661491394043"
"1939","7304","term","33.25813674926758"
"1939","7304","3gram","178.47496032714844"
"1939","7304","shingle","73.96997833251953"
"1234","1552","term","24.545825958251953"
"1234","1552","3gram","175.55899047851562"
"1234","1552","shingle","51.668067932128906"
"721","7377","phrase","25.56972312927246"
"721","7377","term","25.569725036621094"
"721","7377","3gram","185.1595458984375"
"721","7377","shingle","42.0714225769043"
"1266","8161","phrase","19.64139175415039"
"1266","8161","term","32.290733337402344"
"1266","8161","3gram","272.3482971191406"
"1266","8161","shingle","70.0433578491211"
"2110","2041","term","32.20766830444336"
"2110","2041","3gram","249.47210693359375"
"2110","2041","shingle","81.10939025878906"
"1601","16","term","14.654730796813965"
"1601","16","3gram","104.92692565917969"
"1601","16","shingle","21.494792938232422"
"1933","1162","phrase","40.395263671875"
"1933","1162","term","40.395263671875"
"1933","1162","3gram","266.2733154296875"
"1933","1162","shingle","103.00798034667969"
"1895","9965","phrase","46.02335739135742"
"1895","9965","term","46.02335739135742"
"1895","9965","3gram","325.3238220214844"
"1895","9965","shingle","101.6126937866211"
"1673","13521","term","15.665297508239746"
"1673","13521","3gram","117.56066131591797"
"1673","13521","shingle","33.95989227294922"
"1160","603","term","30.061372756958008"
"1160","603","3gram","215.21290588378906"
"1160","603","shingle","64.40876770019531"
"1794","11202","phrase","17.303314208984375"
"1794","11202","term","27.2634334564209"
"1794","11202","3gram","157.4974365234375"
"1794","11202","shingle","45.427738189697266"
"1944","7321","phrase","31.682165145874023"
"1944","7321","term","33.17368698120117"
"1944","7321","3gram","208.50462341308594"
"1944","7321","shingle","73.78861999511719"
"1894","9964","phrase","44.86707305908203"
"1894","9964","term","44.86707305908203"
"1894","9964","3gram","319.30914306640625"
"1894","9964","shingle","98.99613952636719"
"711","7224","term","27.273571014404297"
"711","4053","3gram","202.56556701660156"
"711","7224","shingle","44.4476432800293"
"2059","2009","phrase","11.825413703918457"
"2059","2009","term","24.75249481201172"
"2059","2009","3gram","159.184326171875"
"2059","2009","shingle","38.33267593383789"
"843","7320","phrase","30.463768005371094"
"843","7320","term","31.955286026000977"
"843","7320","3gram","202.37322998046875"
"843","7320","shingle","71.17207336425781"
"1776","2767","3gram","411.1262512207031"
"805","3544","term","18.434722900390625"
"805","3544","3gram","131.5595703125"
"805","3544","shingle","36.94843292236328"
"1517","13612","phrase","27.902807235717773"
"1517","13612","term","27.90281105041504"
"1517","13612","3gram","150.44259643554688"
"1517","13612","shingle","45.92256164550781"
"500","3684","term","10.17817497253418"
"500","3684","3gram","72.71946716308594"
"500","3684","shingle","14.478391647338867"
"938","1754","term","9.273934364318848"
"938","10305","3gram","61.7781867980957"
"938","1754","shingle","14.16746711730957"
"1335","7409","phrase","27.9460391998291"
"1335","7409","term","27.946041107177734"
"1335","7409","3gram","124.19371795654297"
"1335","7409","shingle","46.09416580200195"
"1730","11500","term","34.18587875366211"
"1730","11500","3gram","292.6766357421875"
"1730","11500","shingle","102.26293182373047"
"1790","710","term","21.833370208740234"
"1790","710","3gram","165.00782775878906"
"1790","710","shingle","30.952383041381836"
"35","9754","term","23.82459259033203"
"35","9754","3gram","218.88197326660156"
"35","9755","shingle","41.763919830322266"
"1463","8705","phrase","34.85633087158203"
"1463","8705","term","34.8563346862793"
"1463","8705","3gram","267.6499938964844"
"1463","8705","shingle","77.22028350830078"
"1031","11696","phrase","34.695404052734375"
"1031","11696","term","34.695404052734375"
"1031","11696","3gram","175.6618194580078"
"1031","11696","shingle","79.68843841552734"
"182","8284","term","20.236970901489258"
"182","9894","3gram","127.85070037841797"
"182","8284","shingle","32.7323112487793"
"560","8018","term","19.33706283569336"
"560","8020","3gram","162.4504852294922"
"560","8020","shingle","52.986175537109375"
"1454","7266","term","16.41637420654297"
"1454","7266","3gram","179.546875"
"1454","7266","shingle","37.774227142333984"
"1619","8316","phrase","39.76651382446289"
"1619","8316","term","42.86349868774414"
"1619","8316","3gram","242.51649475097656"
"1619","8316","shingle","81.77333068847656"
"2060","13729","phrase","25.270565032958984"
"2060","13729","term","25.270565032958984"
"2060","13729","3gram","89.2281494140625"
"2060","13729","shingle","41.23210525512695"
"929","5261","term","14.826796531677246"
"929","5261","3gram","110.91405487060547"
"929","5261","shingle","24.865108489990234"
"1367","8161","phrase","36.38378143310547"
"1367","8161","term","36.383785247802734"
"1367","8161","3gram","317.4334411621094"
"1367","8161","shingle","84.0905990600586"
"1117","10877","phrase","35.07830810546875"
"1117","10877","term","40.063541412353516"
"1117","10877","3gram","291.55670166015625"
"1117","10877","shingle","65.98773193359375"
"784","11502","phrase","39.441741943359375"
"784","11502","term","39.441741943359375"
"784","11502","3gram","307.9034118652344"
"784","11502","shingle","117.61836242675781"
"1087","13762","term","15.136358261108398"
"1087","9549","3gram","84.30915832519531"
"1087","13762","shingle","23.68085289001465"
"1674","1877","term","20.856273651123047"
"1674","1877","3gram","193.45721435546875"
"1674","1877","shingle","52.44074249267578"
"504","12818","term","16.741037368774414"
"504","12818","shingle","22.515146255493164"
"1512","61","phrase","19.708219528198242"
"1512","61","term","31.55605697631836"
"1512","61","3gram","199.6353302001953"
"1512","61","shingle","55.673892974853516"
"1917","3043","term","14.424095153808594"
"1917","7882","3gram","79.11076354980469"
"1917","7883","shingle","23.47185707092285"
"231","11333","term","21.4317569732666"
"231","11333","3gram","167.33523559570312"
"231","11333","shingle","38.08488845825195"
"1930","8307","phrase","38.01231384277344"
"1930","8307","term","45.98061752319336"
"1930","8307","3gram","311.6409606933594"
"1930","8307","shingle","108.28450012207031"
"1702","5831","phrase","31.56931495666504"
"1702","5831","term","31.569316864013672"
"1702","5831","3gram","203.2307891845703"
"1702","5831","shingle","63.557308197021484"
"252","7264","term","24.488840103149414"
"252","12695","3gram","134.4692840576172"
"252","7264","shingle","36.94683837890625"
"1821","1888","phrase","21.394519805908203"
"1821","1888","term","33.088348388671875"
"1821","1888","3gram","210.30772399902344"
"1821","1888","shingle","67.62479400634766"
"872","8465","term","31.001697540283203"
"872","8465","3gram","207.4971466064453"
"872","8465","shingle","54.25730895996094"
"439","1348","3gram","132.8961944580078"
"439","1348","shingle","30.74193572998047"
"1281","4181","phrase","42.65312194824219"
"1281","4181","term","42.65312194824219"
"1281","4181","3gram","440.4866638183594"
"1281","4181","shingle","109.23375701904297"
"831","7293","phrase","26.901845932006836"
"831","7293","term","28.39336395263672"
"831","7293","3gram","179.95530700683594"
"831","7293","shingle","70.2261962890625"
"1025","11628","phrase","27.787063598632812"
"1025","11628","term","27.78706169128418"
"1025","11628","3gram","161.14183044433594"
"1025","11628","shingle","53.30717086791992"
"462","107","term","6.29247522354126"
"462","3420","3gram","48.3873405456543"
"462","3420","shingle","9.648881912231445"
"1268","8206","term","9.978861808776855"
"1268","7227","3gram","72.2688980102539"
"1268","8206","shingle","15.214813232421875"
"2101","7872","phrase","32.64572525024414"
"2101","7872","term","32.64572525024414"
"2101","7872","3gram","195.57244873046875"
"2101","7872","shingle","60.153411865234375"
"1154","603","term","30.061372756958008"
"1154","603","3gram","214.06332397460938"
"1154","603","shingle","64.40876770019531"
"657","10959","term","18.288429260253906"
"657","10959","shingle","27.98566246032715"
"994","1765","term","23.96442985534668"
"994","1765","3gram","143.6721649169922"
"994","1765","shingle","42.32111740112305"
"1070","13365","phrase","31.929588317871094"
"1070","13365","term","31.929590225219727"
"1070","13365","3gram","187.66026306152344"
"1070","13365","shingle","58.8221435546875"
"1323","7403","phrase","41.4912109375"
"1323","7403","term","41.4912109375"
"1323","7403","3gram","270.4023742675781"
"1323","7403","shingle","92.32781982421875"
"1474","12106","term","43.11885452270508"
"1474","12106","3gram","305.9490661621094"
"1474","12106","shingle","100.4478759765625"
"1640","11068","term","16.04877281188965"
"1640","11068","3gram","99.95934295654297"
"1640","11068","shingle","24.5177001953125"
"800","6433","term","11.837957382202148"
"800","6436","3gram","50.90140914916992"
"800","6433","shingle","15.3572998046875"
"110","2163","term","22.69101905822754"
"110","2163","3gram","212.75521850585938"
"110","2163","shingle","38.61786651611328"
"1602","5365","term","17.52846908569336"
"1602","8001","3gram","141.43458557128906"
"1602","8001","shingle","30.250207901000977"
"965","1951","term","29.04373550415039"
"965","1951","3gram","230.47508239746094"
"965","1951","shingle","50.70765686035156"
"1666","8317","phrase","35.13990020751953"
"1666","8317","term","35.13990020751953"
"1666","8317","3gram","229.08241271972656"
"1666","8317","shingle","68.21894073486328"
"91","12498","term","19.958744049072266"
"91","12498","3gram","139.89295959472656"
"91","12498","shingle","32.19532012939453"
"997","11404","phrase","24.2947998046875"
"997","11404","term","26.09195899963379"
"997","11404","3gram","146.8825225830078"
"997","11404","shingle","58.70677185058594"
"1712","2029","term","22.916358947753906"
"1712","2029","3gram","102.13802337646484"
"1712","2029","shingle","32.12616729736328"
"1159","3305","term","29.907081604003906"
"1159","3305","3gram","253.29351806640625"
"1159","3305","shingle","68.6608657836914"
"1689","2392","term","21.42037582397461"
"1689","2392","3gram","122.42481231689453"
"1689","2392","shingle","32.70550537109375"
"1822","365","term","29.623884201049805"
"1822","366","3gram","185.5565185546875"
"1822","365","shingle","55.98168182373047"
"1491","3263","term","24.817157745361328"
"1491","3263","3gram","208.33718872070312"
"1491","3265","shingle","55.022552490234375"
"409","9965","phrase","46.02335739135742"
"409","9965","term","46.02335739135742"
"409","9965","3gram","325.3238220214844"
"409","9965","shingle","101.6126937866211"
"503","12792","term","19.225099563598633"
"503","12792","3gram","147.1329345703125"
"503","12792","shingle","28.883615493774414"
"513","7407","phrase","33.12971115112305"
"513","7407","term","33.12971496582031"
"513","7407","3gram","180.052001953125"
"513","7407","shingle","57.960418701171875"
"846","2204","term","28.106430053710938"
"846","2204","3gram","195.0452423095703"
"846","2204","shingle","48.955047607421875"
"1762","10963","phrase","32.261817932128906"
"1762","10963","term","32.261817932128906"
"1762","10963","3gram","204.44683837890625"
"1762","10963","shingle","62.49134063720703"
"1992","9735","phrase","21.116910934448242"
"1992","9735","term","21.116910934448242"
"1992","9735","3gram","145.62033081054688"
"1992","9735","shingle","36.29471206665039"
"791","1129","term","19.977375030517578"
"791","1129","3gram","147.51168823242188"
"791","1129","shingle","33.32123947143555"
"411","9995","phrase","34.047607421875"
"411","9995","term","34.047607421875"
"411","9995","3gram","181.70872497558594"
"411","9995","shingle","72.11975860595703"
"480","1390","term","30.017969131469727"
"480","1390","3gram","184.54220581054688"
"480","1390","shingle","52.1710319519043"
"522","8642","phrase","39.575565338134766"
"522","8642","term","39.575565338134766"
"522","8642","3gram","221.63563537597656"
"522","8642","shingle","73.33642578125"
"177","9867","term","21.588523864746094"
"177","9867","3gram","213.93663024902344"
"177","9867","shingle","40.00985336303711"
"584","10398","phrase","27.522300720214844"
"584","10398","term","27.52229881286621"
"584","10398","3gram","206.4758758544922"
"584","10398","shingle","50.53484344482422"
"828","7282","phrase","28.394018173217773"
"828","7282","term","28.394014358520508"
"828","7282","3gram","215.02769470214844"
"828","7282","shingle","64.07121276855469"
"471","7245","term","13.883748054504395"
"471","8470","3gram","119.65313720703125"
"471","7245","shingle","20.667375564575195"
"1731","11501","term","34.83184814453125"
"1731","11501","3gram","295.6715393066406"
"1731","11501","shingle","103.644775390625"
"88","6670","term","24.142379760742188"
"88","6670","3gram","191.29869079589844"
"88","6670","shingle","55.69373321533203"
"1671","7219","term","32.3593635559082"
"1671","7219","3gram","263.2319030761719"
"1671","7219","shingle","69.40458679199219"
"1772","12850","phrase","29.777889251708984"
"1772","12850","term","29.777889251708984"
"1772","12850","3gram","232.21530151367188"
"1772","12850","shingle","57.514259338378906"
"847","7399","phrase","21.23180389404297"
"847","7399","term","21.23180389404297"
"847","7399","3gram","81.43719482421875"
"847","7399","shingle","32.4198112487793"
"1853","587","term","14.392552375793457"
"1853","587","3gram","66.65553283691406"
"1853","587","shingle","21.12834358215332"
"1244","13726","phrase","32.295997619628906"
"1244","13726","term","32.295997619628906"
"1244","13726","3gram","162.39276123046875"
"1244","13726","shingle","59.55512619018555"
"315","2581","term","33.87589645385742"
"315","2581","3gram","258.6100158691406"
"315","2581","shingle","75.67831420898438"
"1543","3307","term","32.11598205566406"
"1543","3307","3gram","287.7998046875"
"1543","3307","shingle","76.71249389648438"
"1849","8307","term","51.59246063232422"
"1849","8307","3gram","372.2738952636719"
"1849","8307","shingle","115.29708862304688"
"1235","1552","term","24.545825958251953"
"1235","1552","3gram","171.26092529296875"
"1235","1552","shingle","51.668067932128906"
"1998","10055","phrase","29.4294376373291"
"1998","10055","term","29.429439544677734"
"1998","10055","3gram","196.82952880859375"
"1998","10055","shingle","54.109947204589844"
"1908","10397","phrase","26.710847854614258"
"1908","10397","term","26.71084976196289"
"1908","10397","3gram","204.37081909179688"
"1908","10397","shingle","48.983341217041016"
"585","10399","phrase","28.974790573120117"
"585","10399","term","28.974790573120117"
"585","10399","3gram","212.9862518310547"
"585","10399","shingle","53.31202697753906"
"539","10548","term","23.50513458251953"
"539","10548","3gram","232.2077178955078"
"539","10548","shingle","49.6521110534668"
"842","7319","phrase","29.783092498779297"
"842","7319","term","31.274612426757812"
"842","7319","3gram","199.32020568847656"
"842","7319","shingle","69.71031188964844"
"1238","7476","phrase","17.37259292602539"
"1238","7476","term","17.37259292602539"
"1238","7476","3gram","141.06192016601562"
"1238","7476","shingle","32.62015914916992"
"1919","11500","term","34.18587875366211"
"1919","11500","3gram","292.6766357421875"
"1919","11500","shingle","102.26293182373047"
"622","7328","phrase","18.741533279418945"
"622","7328","term","18.741533279418945"
"622","7328","3gram","100.69081115722656"
"622","7328","shingle","28.484939575195312"
"515","7887","phrase","27.15395164489746"
"515","7887","term","27.15395164489746"
"515","7887","3gram","142.32908630371094"
"515","7887","shingle","44.78193664550781"
"672","8258","term","12.566141128540039"
"672","8258","3gram","92.07915496826172"
"672","8258","shingle","19.397815704345703"
"1864","8307","phrase","38.01231384277344"
"1864","8307","term","45.98061752319336"
"1864","8307","3gram","311.6409606933594"
"1864","8307","shingle","108.28450012207031"
"199","8648","term","10.241443634033203"
"199","10501","3gram","98.79937744140625"
"199","10501","shingle","14.440567970275879"
"1926","2168","term","24.40150260925293"
"1926","2168","3gram","178.09205627441406"
"1926","2168","shingle","52.5679817199707"
"1701","5830","phrase","32.19084930419922"
"1701","5830","term","32.190853118896484"
"1701","5830","3gram","204.23594665527344"
"1701","5830","shingle","65.77510833740234"
"594","6301","term","26.993417739868164"
"594","6301","3gram","186.5767059326172"
"94","6805","term","24.905410766601562"
"94","6805","3gram","161.79507446289062"
"94","6805","shingle","42.42247772216797"
"2102","7870","phrase","34.71106719970703"
"2102","7870","term","34.71106719970703"
"2102","7870","3gram","232.76321411132812"
"2102","7870","shingle","67.21601867675781"
"538","1301","term","19.300216674804688"
"538","1301","3gram","194.99273681640625"
"538","1301","shingle","44.39475631713867"
"654","655","term","20.921737670898438"
"654","655","shingle","35.097572326660156"
"1826","1900","term","31.159135818481445"
"1826","1900","3gram","228.93096923828125"
"1826","1900","shingle","53.873817443847656"
"2022","3191","term","17.86286163330078"
"2022","1714","3gram","83.98230743408203"
"2022","3191","shingle","31.498136520385742"
"1991","9734","phrase","20.249937057495117"
"1991","9734","term","20.249937057495117"
"1991","9734","3gram","142.31040954589844"
"1991","9734","shingle","34.719024658203125"
"1925","2168","term","21.80097007751465"
"1925","2168","3gram","164.35406494140625"
"1925","2168","shingle","45.95537567138672"
"1560","7373","phrase","32.9301872253418"
"1560","7373","term","32.9301872253418"
"1560","7373","3gram","259.1807861328125"
"1560","7373","shingle","74.4421157836914"
"649","10993","phrase","36.970062255859375"
"649","10993","term","36.970062255859375"
"649","10993","3gram","235.86618041992188"
"649","10993","shingle","68.4626235961914"
"1360","1294","term","50.304500579833984"
"1360","1294","3gram","472.6288757324219"
"832","7294","phrase","27.582517623901367"
"832","7294","term","29.07403564453125"
"832","7294","3gram","183.00833129882812"
"832","7294","shingle","71.66712188720703"
"460","7347","phrase","23.306194305419922"
"460","7347","term","23.306194305419922"
"460","7347","3gram","73.51678466796875"
"460","7347","shingle","35.89886474609375"
"473","8847","phrase","23.806333541870117"
"473","8847","term","23.806333541870117"
"473","8847","3gram","51.54557418823242"
"473","8847","shingle","36.522377014160156"
"2005","1604","term","29.512454986572266"
"2005","1604","3gram","259.82354736328125"
"2005","1604","shingle","71.76484680175781"
"836","7303","phrase","31.0859432220459"
"836","7303","term","32.57746505737305"
"836","7303","3gram","175.4219512939453"
"836","7303","shingle","72.50821685791016"
"1664","8314","phrase","38.53822708129883"
"1664","8314","term","38.53822326660156"
"1664","8314","3gram","204.72006225585938"
"1664","8314","shingle","75.02821350097656"
"1958","11426","phrase","28.36144256591797"
"1958","11426","term","28.361446380615234"
"1958","11426","3gram","199.75274658203125"
"1958","11426","shingle","54.676116943359375"
"1203","10880","phrase","39.69348907470703"
"1203","10880","term","39.693485260009766"
"1203","10880","3gram","363.9583740234375"
"1203","10880","shingle","84.06188201904297"
"1581","13610","phrase","33.337379455566406"
"1581","13610","term","33.33737564086914"
"1581","13610","3gram","194.85215759277344"
"1581","13610","shingle","58.573753356933594"
"505","107","term","6.29247522354126"
"505","13224","3gram","24.79275131225586"
"505","107","shingle","7.844655513763428"
"1055","12795","term","24.810556411743164"
"1055","12795","3gram","226.415283203125"
"1055","12795","shingle","44.83195877075195"
"783","11501","phrase","38.28546142578125"
"783","11501","term","38.28546142578125"
"783","11501","3gram","301.8887023925781"
"783","11501","shingle","115.14488220214844"
"281","7247","term","19.285818099975586"
"281","11084","3gram","101.77700805664062"
"281","7247","shingle","39.532958984375"
"1114","2842","term","22.77952003479004"
"1114","2842","3gram","147.81808471679688"
"1114","2842","shingle","42.400455474853516"
"1615","8310","phrase","22.89375114440918"
"1615","8310","term","22.893749237060547"
"1615","8310","3gram","138.2319793701172"
"1615","8310","shingle","39.55616760253906"
"1665","8316","phrase","39.76651382446289"
"1665","8316","term","42.86349868774414"
"1665","8316","3gram","242.51649475097656"
"1665","8316","shingle","81.77333068847656"
"912","2845","term","20.580108642578125"
"912","2845","3gram","174.61672973632812"
"912","2845","shingle","43.31245803833008"
"1310","10887","term","9.44764518737793"
"1310","10887","3gram","79.5196762084961"
"1310","10887","shingle","14.612983703613281"
"839","7308","phrase","33.2440185546875"
"839","7308","term","33.2440185546875"
"839","7308","3gram","230.26524353027344"
"839","7308","shingle","76.7208251953125"
"325","2875","term","24.142982482910156"
"325","2875","3gram","122.97795867919922"
"325","2875","shingle","36.94206619262695"
"492","3336","term","23.85768699645996"
"492","3336","3gram","214.241455078125"
"492","3336","shingle","39.21937942504883"
"1941","7308","phrase","33.2440185546875"
"1941","7308","term","33.2440185546875"
"1941","7308","3gram","230.26524353027344"
"1941","7308","shingle","76.7208251953125"
"87","12316","term","20.642892837524414"
"87","12316","3gram","151.45603942871094"
"87","12316","shingle","32.414798736572266"
"292","3457","term","16.715585708618164"
"292","6330","3gram","84.40036010742188"
"292","2380","shingle","27.771474838256836"
"1934","1700","term","12.609222412109375"
"1934","1700","shingle","16.365869522094727"
"1063","1967","phrase","38.01755905151367"
"1063","1967","term","38.01756286621094"
"1063","1967","3gram","218.5145721435547"
"1063","1967","shingle","85.73757934570312"
"698","10451","phrase","28.10350227355957"
"698","10451","term","28.10350227355957"
"698","10451","3gram","214.23855590820312"
"698","10451","shingle","72.90232849121094"
"1137","10454","phrase","23.43609046936035"
"1137","10454","term","23.43609046936035"
"1137","10454","3gram","131.84878540039062"
"1137","10454","shingle","52.88981246948242"
"191","10000","phrase","37.87447738647461"
"191","10000","term","37.874473571777344"
"191","10000","3gram","197.05078125"
"191","10000","shingle","73.6853256225586"
"161","312","term","20.444488525390625"
"161","312","shingle","30.178321838378906"
"555","556","phrase","7.391459941864014"
"555","556","term","15.471516609191895"
"555","556","3gram","57.75732421875"
"555","556","shingle","22.677284240722656"
"1398","2765","term","42.86433792114258"
"1398","2765","3gram","367.36553955078125"
"1398","2765","shingle","108.20598602294922"
"1931","8308","phrase","39.816070556640625"
"1931","8308","term","47.55036926269531"
"1931","8308","3gram","347.13470458984375"
"1931","8308","shingle","121.52423095703125"
"1749","8846","phrase","29.099449157714844"
"1749","8846","term","29.099449157714844"
"1749","8846","3gram","177.838134765625"
"1749","8846","shingle","48.016334533691406"
"1693","1552","phrase","11.145421028137207"
"1693","1552","term","24.545825958251953"
"1693","1552","3gram","171.26092529296875"
"1693","1552","shingle","51.668067932128906"
"1306","11462","phrase","32.495548248291016"
"1306","11462","term","32.495548248291016"
"1306","11462","3gram","199.3329620361328"
"1306","11462","shingle","62.80958557128906"
"1823","365","term","29.623884201049805"
"1823","1890","3gram","197.95237731933594"
"1823","1890","shingle","60.211761474609375"
"1629","125","term","37.65260696411133"
"1629","125","3gram","253.7975616455078"
"1629","125","shingle","80.25680541992188"
"1232","1552","term","24.545825958251953"
"1232","1552","3gram","171.26092529296875"
"1232","1552","shingle","51.668067932128906"
"1997","10054","phrase","28.61798667907715"
"1997","10054","term","28.61798858642578"
"1997","10054","3gram","193.5878143310547"
"1997","10054","shingle","52.55844497680664"
"900","7240","term","14.830573081970215"
"900","7240","3gram","71.45380401611328"
"900","7240","shingle","18.74376678466797"
"1876","11529","phrase","25.222309112548828"
"1876","11529","term","25.22231101989746"
"1876","11529","3gram","181.96298217773438"
"1876","11529","shingle","43.64403533935547"
"746","2416","term","18.002967834472656"
"746","2416","3gram","131.68540954589844"
"746","2416","shingle","28.324176788330078"
"1221","1098","phrase","11.92287826538086"
"1221","1098","term","18.43968963623047"
"1221","1098","3gram","119.08689880371094"
"1221","1098","shingle","28.364051818847656"
"1516","1608","term","24.336946487426758"
"1516","1608","shingle","51.345848083496094"
"537","10512","term","24.062955856323242"
"537","10512","3gram","239.1663360595703"
"537","10512","shingle","42.746063232421875"
"1383","1918","term","27.983402252197266"
"1383","1918","3gram","221.7126922607422"
"1383","1918","shingle","62.31681442260742"
"696","9950","phrase","19.531492233276367"
"696","9950","term","19.531492233276367"
"696","9950","3gram","104.93767547607422"
"696","9950","shingle","29.6585750579834"
"1966","13298","phrase","34.056617736816406"
"1966","13298","term","34.056617736816406"
"1966","13298","3gram","204.49566650390625"
"1966","13298","shingle","75.05341339111328"
"1074","6865","term","10.713319778442383"
"1074","6865","3gram","75.80357360839844"
"1074","6869","shingle","15.742851257324219"
"1827","9594","phrase","22.169431686401367"
"1827","9594","term","22.16943359375"
"1827","9594","3gram","167.2207794189453"
"1827","9594","shingle","36.0701904296875"
"449","10033","3gram","65.72627258300781"
"1831","12106","3gram","309.14959716796875"
"1987","9735","term","17.445878982543945"
"1987","9735","shingle","29.622770309448242"
"1021","11625","phrase","23.875747680664062"
"1021","11625","term","23.87574577331543"
"1021","11625","3gram","141.53134155273438"
"1021","11625","shingle","43.35101318359375"
"1885","12110","phrase","46.669010162353516"
"1885","12110","term","46.66900634765625"
"1885","12110","3gram","424.0559997558594"
"1885","12110","shingle","109.72500610351562"
"261","7886","phrase","20.548648834228516"
"261","7886","term","20.548648834228516"
"261","7886","3gram","97.97107696533203"
"261","7886","shingle","31.419462203979492"
