"TOTAL_DESC_ID","PROGRAM_ID","AMOUNT"
"1","1","44297.0"
"2","1","46230.0"
"3","1","44466.0"
"4","1","45833.0"
"5","1","47914.0"
"1","2","30721.0"
"2","2","30151.0"
"3","2","27288.0"
"4","2","22737.0"
"5","2","22870.0"
"1","3","39122.0"
"2","3","53325.0"
"3","3","35447.0"
"4","3","28331.0"
"5","3","28527.0"
"1","4","26007.0"
"2","4","24331.0"
"3","4","24604.0"
"4","4","25160.0"
"5","4","25726.0"
"1","5","877558.0"
"2","5","1195136.0"
"3","5","666249.0"
"4","5","653068.0"
"5","5","685420.0"
"1","7","20632.0"
"2","7","8320.0"
"3","7","4000.0"
"1","8","13157.0"
"2","8","14502.0"
"3","8","18615.0"
"4","8","18133.0"
"5","8","17554.0"
"1","9","23863.0"
"2","9","23846.0"
"3","9","26138.0"
"4","9","26588.0"
"5","9","27018.0"
"1","10","108371.0"
"2","10","108988.0"
"3","10","109988.0"
"4","10","109988.0"
"5","10","109988.0"
"1","11","89000.0"
"2","11","89000.0"
"3","11","89000.0"
"4","11","89000.0"
"5","11","89000.0"
"1","12","195970.0"
"2","12","199270.0"
"3","12","203475.0"
"4","12","207741.0"
"5","12","213790.0"
"1","13","53831.0"
"2","13","51708.0"
"3","13","51280.0"
"4","13","51799.0"
"5","13","52465.0"
"1","14","238358.0"
"2","14","241416.0"
"3","14","245366.0"
"4","14","249723.0"
"5","14","253333.0"
"1","16","196998.0"
"2","16","208348.0"
"3","16","199157.0"
"4","16","174703.0"
"5","16","174306.0"
"1","17","3757.0"
"2","17","43765.0"
"3","17","41010.0"
"4","17","40756.0"
"5","17","42694.0"
"1","19","54896.0"
"2","19","57086.0"
"3","19","54483.0"
"4","19","57510.0"
"5","19","57786.0"
"1","20","16839.0"
"2","20","15405.0"
"3","20","15592.0"
"4","20","15846.0"
"5","20","16093.0"
"1","22","16648.0"
"2","22","18866.0"
"3","22","7268.0"
"4","22","7364.0"
"5","22","6483.0"
"1","24","64361.0"
"2","24","48631.0"
"3","24","49296.0"
"4","24","46426.0"
"5","24","48362.0"
"1","25","31672.0"
"2","25","34676.0"
"3","25","35535.0"
"4","25","36944.0"
"5","25","38224.0"
"1","26","225200.0"
"2","26","228870.0"
"3","26","231536.0"
"4","26","232543.0"
"5","26","233578.0"
"1","27","180346.0"
"2","27","194084.0"
"3","27","171297.0"
"4","27","147759.0"
"5","27","159959.0"
"2","28","17328.0"
"3","28","25375.0"
"4","28","33417.0"
"5","28","41276.0"
"6","29","59038.0"
"7","29","60165.0"
"3","29","68659.0"
"4","29","52597.0"
"5","29","50847.0"
"1","30","174559.0"
"2","30","179100.0"
"3","30","175781.0"
"4","30","157567.0"
"5","30","162879.0"
"1","32","107346.0"
"2","32","107949.0"
"3","32","109196.0"
"4","32","109223.0"
"5","32","108609.0"
"1","33","44184.0"
"2","33","44861.0"
"3","33","44861.0"
"4","33","43323.0"
"5","33","43323.0"
"1","34","72224.0"
"2","34","77867.0"
"3","34","70298.0"
"4","34","68816.0"
"5","34","70482.0"
"1","35","152518.0"
"2","35","70104.0"
"3","35","62064.0"
"4","35","59276.0"
"5","35","58914.0"
"1","36","148151.0"
"2","36","119231.0"
"3","36","122163.0"
"4","36","124296.0"
"5","36","126976.0"
"1","37","82592.0"
"2","37","77748.0"
"3","37","78283.0"
"4","37","75207.0"
"5","37","72700.0"
"1","38","166425.0"
"2","38","167028.0"
"3","38","166762.0"
"4","38","168693.0"
"5","38","170638.0"
"1","39","74772.0"
"2","39","74683.0"
"3","39","75524.0"
"4","39","70509.0"
"5","39","71496.0"
"1","40","41339.0"
"2","40","16234.0"
"3","40","16039.0"
"4","40","1039.0"
"5","40","1039.0"
"1","41","4432.0"
"1","42","78190.0"
"2","42","34097.0"
"1","44","2961.0"
"2","44","2653.0"
"3","44","2668.0"
"4","44","2687.0"
"5","44","2702.0"
"1","47","24555.0"
"2","47","25345.0"
"3","47","25460.0"
"4","47","25260.0"
"5","47","25406.0"
"1","50","21382.0"
"2","50","22668.0"
"3","50","23090.0"
"4","50","23300.0"
"5","50","23679.0"
"1","51","930995.0"
"2","51","921934.0"
"3","51","921514.0"
"4","51","921491.0"
"5","51","928731.0"
"1","52","178221.0"
"2","52","180848.0"
"3","52","183699.0"
"4","52","186776.0"
"5","52","190272.0"
"1","53","45139.0"
"2","53","44944.0"
"3","53","44989.0"
"4","53","43420.0"
"5","53","42901.0"
"1","54","39430.0"
"2","54","57621.0"
"3","54","57663.0"
"4","54","56234.0"
"5","54","39763.0"
"1","55","22723.0"
"2","55","20734.0"
"3","55","19237.0"
"4","55","19096.0"
"5","55","18977.0"
"1","56","213268.0"
"2","56","211226.0"
"3","56","213709.0"
"4","56","217520.0"
"5","56","219937.0"
"1","57","32020.0"
"2","57","32631.0"
"3","57","33203.0"
"4","57","33841.0"
"5","57","34440.0"
"1","58","38830.0"
"2","58","39594.0"
"3","58","39962.0"
"4","58","39347.0"
"5","58","39740.0"
"1","59","678501.0"
"2","59","684134.0"
"3","59","691394.0"
"4","59","679936.0"
"5","59","680881.0"
"1","60","33492.0"
"2","60","33686.0"
"3","60","33985.0"
"4","60","34341.0"
"5","60","34763.0"
"1","61","73403.0"
"2","61","73585.0"
"3","61","73694.0"
"4","61","73622.0"
"5","61","73823.0"
"1","62","76503.0"
"2","62","77990.0"
"3","62","74830.0"
"4","62","70009.0"
"5","62","69571.0"
"1","63","51347.0"
"2","63","52384.0"
"3","63","53930.0"
"4","63","47266.0"
"5","63","47457.0"
"1","64","15988.0"
"2","64","16275.0"
"3","64","16603.0"
"4","64","16980.0"
"5","64","17419.0"
"1","65","18825.0"
"2","65","17684.0"
"3","65","16065.0"
"4","65","15211.0"
"5","65","15260.0"
"1","66","89840.0"
"2","66","89771.0"
"3","66","89436.0"
"4","66","89192.0"
"5","66","89203.0"
"1","67","323441.0"
"2","67","312269.0"
"3","67","304334.0"
"4","67","299490.0"
"5","67","303917.0"
"1","68","74487.0"
"2","68","73759.0"
"3","68","73657.0"
"4","68","75056.0"
"5","68","76407.0"
"1","69","6984.0"
"2","69","7221.0"
"3","69","7339.0"
"4","69","5396.0"
"1","70","16958.0"
"2","70","15746.0"
"3","70","15754.0"
"4","70","15648.0"
"1","71","3550.0"
"2","71","4199.0"
"3","71","4201.0"
"4","71","4587.0"
"1","72","1051.0"
"2","72","1312.0"
"3","72","1313.0"
"4","72","1349.0"
"1","73","15297.0"
"2","73","14685.0"
"3","73","10414.0"
"4","73","10496.0"
"5","73","9360.0"
"1","74","493858.0"
"2","74","495099.0"
"3","74","508965.0"
"4","74","516506.0"
"5","74","528572.0"
"1","75","266768.0"
"2","75","273990.0"
"3","75","285432.0"
"4","75","293492.0"
"5","75","297862.0"
"1","76","3950.0"
"2","76","4981.0"
"3","76","3093.0"
"4","76","3161.0"
"5","76","3240.0"
"1","77","35521.0"
"2","77","38801.0"
"3","77","39247.0"
"4","77","38981.0"
"5","77","39149.0"
"1","78","354082.0"
"2","78","339737.0"
"3","78","342216.0"
"4","78","340770.0"
"5","78","348101.0"
"1","79","3418101.0"
"1","80","3764078.0"
"2","81","7999545.0"
"3","81","8679449.0"
"4","81","9025259.0"
"5","81","9533537.0"
"1","82","7117505.0"
"2","82","7686897.0"
"3","82","8343145.0"
"4","82","9036485.0"
"5","82","9729016.0"
"1","83","1.122929E7"
"2","83","1.1829181E7"
"3","83","1.2452819E7"
"4","83","1.3145327E7"
"5","83","1.3820565E7"
"1","84","127314.0"
"2","84","131941.0"
"3","84","115953.0"
"4","84","85630.0"
"5","84","74944.0"
"1","86","6992977.0"
"2","86","7061901.0"
"3","86","7170630.0"
"4","86","7289541.0"
"5","86","7406952.0"
"1","87","245592.0"
"2","87","238660.0"
"3","87","230066.0"
"4","87","220355.0"
"5","87","209398.0"
"1","88","420388.0"
"2","88","450724.0"
"3","88","410809.0"
"4","88","530459.0"
"5","88","473214.0"
"1","89","1395944.0"
"2","89","1416592.0"
"3","89","1463371.0"
"4","89","1500118.0"
"5","89","1523648.0"
"1","90","1943204.0"
"2","90","1940267.0"
"3","90","2017404.0"
"4","90","2100279.0"
"5","90","2148562.0"
"1","91","443431.0"
"2","91","167919.0"
"3","91","191167.0"
"4","91","245274.0"
"5","91","259744.0"
"1","92","59424.0"
"2","92","46815.0"
"3","92","43835.0"
"4","92","41790.0"
"5","92","36134.0"
"1","93","1191477.0"
"2","93","1201101.0"
"3","93","1150408.0"
"4","93","1140550.0"
"5","93","1147089.0"
"1","94","15422.0"
"2","94","19150.0"
"3","94","18552.0"
"4","94","18460.0"
"5","94","18463.0"
"1","95","242385.0"
"2","95","316281.0"
"3","95","285876.0"
"4","95","219219.0"
"5","95","128691.0"
"1","96","382729.0"
"2","96","383388.0"
"3","96","385728.0"
"4","96","385297.0"
"5","96","359775.0"
"1","97","2091.0"
"2","97","1555.0"
"1","98","71372.0"
"2","98","99790.0"
"3","98","106795.0"
"4","98","112450.0"
"5","98","114635.0"
"1","99","254930.0"
"2","99","282723.0"
"3","99","329340.0"
"4","99","324906.0"
"5","99","365733.0"
"1","101","79171.0"
"2","101","79387.0"
"3","101","78783.0"
"4","101","76650.0"
"5","101","75473.0"
"1","102","97610.0"
"2","102","76717.0"
"3","102","74102.0"
"4","102","57489.0"
"5","102","53099.0"
"1","103","179595.0"
"2","103","175225.0"
"3","103","181759.0"
"4","103","221073.0"
"5","103","242270.0"
"1","104","855382.0"
"2","104","386767.0"
"3","104","305589.0"
"4","104","250843.0"
"5","104","245496.0"
"1","105","61353.0"
"2","105","56292.0"
"3","105","57520.0"
"4","105","55266.0"
"5","105","54588.0"
"1","106","64260.0"
"2","106","60501.0"
"3","106","63523.0"
"4","106","63632.0"
"5","106","64281.0"
"1","107","41038.0"
"2","107","37509.0"
"3","107","36324.0"
"4","107","35961.0"
"5","107","35742.0"
"1","108","51193.0"
"2","108","50208.0"
"3","108","51588.0"
"4","108","53394.0"
"5","108","49447.0"
"1","109","65939.0"
"2","109","64336.0"
"3","109","67483.0"
"4","109","66616.0"
"5","109","61597.0"
"1","110","50231.0"
"2","110","45135.0"
"3","110","42423.0"
"4","110","41168.0"
"5","110","40852.0"
"1","111","2854.0"
"2","111","4297.0"
"3","111","4264.0"
"4","111","4396.0"
"5","111","2533.0"
"1","112","253948.0"
"2","112","319388.0"
"3","112","285977.0"
"4","112","161035.0"
"5","112","139657.0"
"1","113","71726.0"
"2","113","77029.0"
"3","113","69251.0"
"4","113","64654.0"
"5","113","67445.0"
"1","114","19166.0"
"2","114","19575.0"
"3","114","21133.0"
"4","114","21934.0"
"5","114","22557.0"
"1","115","177171.0"
"2","115","496451.0"
"3","115","143327.0"
"4","115","178147.0"
"5","115","493205.0"
"1","116","113024.0"
"2","116","107886.0"
"3","116","102549.0"
"4","116","103834.0"
"5","116","105596.0"
"1","117","62876.0"
"2","117","77369.0"
"3","117","79821.0"
"4","117","82228.0"
"5","117","85104.0"
"1","118","3303.0"
"2","118","3316.0"
"3","118","4575.0"
"4","118","6189.0"
"5","118","6617.0"
"1","119","24417.0"
"2","119","20854.0"
"3","119","21008.0"
"4","119","20321.0"
"5","119","19028.0"
"1","120","30599.0"
"2","120","28280.0"
"3","120","24359.0"
"4","120","14978.0"
"5","120","12748.0"
"1","121","88249.0"
"2","121","127488.0"
"3","121","106039.0"
"4","121","108194.0"
"5","121","98568.0"
"1","122","120616.0"
"2","122","152554.0"
"3","122","157004.0"
"4","122","161609.0"
"5","122","166241.0"
"1","123","57741.0"
"2","123","58826.0"
"3","123","53681.0"
"4","123","51414.0"
"5","123","50870.0"
"1","124","40711.0"
"2","124","31987.0"
"3","124","32782.0"
"4","124","30618.0"
"5","124","25928.0"
"1","125","8485200.0"
"2","125","8174867.0"
"3","125","8322304.0"
"4","125","8416153.0"
"5","125","8503454.0"
"1","126","795547.0"
"2","126","3642854.0"
"3","126","1839227.0"
"4","126","1731690.0"
"5","126","1776940.0"
"1","127","88295.0"
"2","127","94608.0"
"3","127","97348.0"
"4","127","93626.0"
"5","127","89672.0"
"1","128","500329.0"
"2","128","527372.0"
"3","128","531139.0"
"4","128","532951.0"
"5","128","539611.0"
"1","129","75659.0"
"2","129","76820.0"
"3","129","82058.0"
"4","129","77641.0"
"5","129","79132.0"
"1","130","125932.0"
"2","130","129568.0"
"3","130","130400.0"
"4","130","134369.0"
"5","130","133787.0"
"1","131","220086.0"
"2","131","232887.0"
"3","131","227401.0"
"4","131","227355.0"
"5","131","226906.0"
"1","132","139584.0"
"2","132","140871.0"
"3","132","138650.0"
"4","132","137900.0"
"5","132","137900.0"
"1","133","139584.0"
"2","133","140871.0"
"3","133","138650.0"
"4","133","137900.0"
"5","133","137900.0"
"1","134","12760.0"
"2","134","12827.0"
"3","134","12827.0"
"4","134","12872.0"
"5","134","12917.0"
"1","149","292334.0"
"2","149","318253.0"
"3","149","337723.0"
"4","149","323369.0"
"5","149","338721.0"
"1","150","97445.0"
"2","150","106085.0"
"3","150","112574.0"
"4","150","107790.0"
"5","150","112907.0"
"1","151","166935.0"
"2","151","167615.0"
"3","151","165381.0"
"4","151","176605.0"
"5","151","180827.0"
"1","152","166935.0"
"2","152","167615.0"
"3","152","165381.0"
"4","152","176605.0"
"5","152","180827.0"
"1","153","43595.0"
"2","153","45895.0"
"8","153","40958.0"
"9","153","53865.0"
"10","153","53894.0"
"1","154","26694.0"
"2","154","21614.0"
"8","154","20520.0"
"9","154","20471.0"
"10","154","20864.0"
"1","155","255282.0"
"2","155","293309.0"
"8","155","1300.0"
"1","156","63974.0"
"2","156","68934.0"
"3","156","70340.0"
"4","156","68037.0"
"5","156","68202.0"
"1","157","26177.0"
"2","157","26199.0"
"8","157","26314.0"
"9","157","26537.0"
"10","157","26747.0"
"1","158","17600.0"
"2","158","18061.0"
"8","158","14314.0"
"9","158","14393.0"
"10","158","14459.0"
"1","159","313242.0"
"2","159","346028.0"
"3","159","289727.0"
"4","159","256908.0"
"5","159","259598.0"
"1","160","33185.0"
"2","160","33525.0"
"8","160","33521.0"
"9","160","31921.0"
"10","160","30485.0"
"1","161","19130.0"
"2","161","19249.0"
"8","161","19257.0"
"11","161","19398.0"
"10","161","19497.0"
"1","162","182430.0"
"2","162","188372.0"
"8","162","191184.0"
"9","162","194801.0"
"10","162","197128.0"
"1","163","139500.0"
"2","163","144875.0"
"8","163","131607.0"
"9","163","118898.0"
"10","163","117780.0"
"1","164","422914.0"
"2","164","422600.0"
"8","164","422657.0"
"9","164","415073.0"
"10","164","415418.0"
"1","165","2.3316803E7"
"2","165","2.4106236E7"
"8","165","2.5495068E7"
"9","165","2.6802737E7"
"10","165","2.8208757E7"
"1","166","538298.0"
"2","166","548099.0"
"8","166","578873.0"
"9","166","604656.0"
"10","166","612454.0"
"1","167","1.2515897E7"
"2","167","1.2142224E7"
"8","167","1.1807063E7"
"9","167","9909862.0"
"10","167","9832747.0"
"1","168","6042374.0"
"2","168","6168019.0"
"8","168","6302256.0"
"9","168","6459380.0"
"10","168","6620614.0"
"1","169","95876.0"
"2","169","83274.0"
"8","169","87390.0"
"9","169","92101.0"
"10","169","97021.0"
"1","170","328216.0"
"2","170","323974.0"
"8","170","318314.0"
"9","170","314068.0"
"10","170","323594.0"
"1","171","82530.0"
"2","171","84886.0"
"8","171","84632.0"
"9","171","83782.0"
"10","171","80867.0"
"1","172","370827.0"
"2","172","374644.0"
"8","172","391343.0"
"9","172","398386.0"
"10","172","398715.0"
"1","173","31437.0"
"2","173","33008.0"
"8","173","27269.0"
"9","173","25189.0"
"10","173","24168.0"
"1","174","253115.0"
"2","174","319472.0"
"8","174","285482.0"
"9","174","265712.0"
"10","174","269709.0"
"1","175","1.6795876E7"
"2","175","1.8184052E7"
"8","175","1.960277E7"
"9","175","2.0714711E7"
"10","175","2.2203442E7"
"1","176","174333.0"
"2","176","212757.0"
"8","176","204445.0"
"9","176","189290.0"
"10","176","189834.0"
"1","177","799280.0"
"2","177","877323.0"
"8","177","675013.0"
"9","177","686688.0"
"10","177","712255.0"
"1","178","901953.0"
"2","178","934910.0"
"8","178","971979.0"
"9","178","1011910.0"
"10","178","1052605.0"
"1","179","1322760.0"
"2","179","1422225.0"
"8","179","1444340.0"
"9","179","1503122.0"
"10","179","1518190.0"
"1","180","487527.0"
"2","180","445407.0"
"8","180","438716.0"
"9","180","436664.0"
"10","180","428369.0"
"1","181","432881.0"
"2","181","463496.0"
"8","181","359624.0"
"9","181","337078.0"
"10","181","342167.0"
"1","182","354336.0"
"2","182","367954.0"
"8","182","367992.0"
"9","182","374202.0"
"10","182","380189.0"
"1","183","44034.0"
"2","183","43276.0"
"8","183","41077.0"
"9","183","42270.0"
"10","183","42599.0"
"1","184","965608.0"
"2","184","1120817.0"
"8","184","1335185.0"
"9","184","1664506.0"
"10","184","1746461.0"
"1","185","57058.0"
"2","185","5934.0"
"8","185","3117.0"
"9","185","3173.0"
"10","185","3285.0"
"1","186","38758.0"
"2","186","22736.0"
"8","186","20866.0"
"9","186","13068.0"
"10","186","9988.0"
"1","187","11294.0"
"2","187","11065.0"
"8","187","10875.0"
"9","187","11212.0"
"10","187","11383.0"
"1","188","25406.0"
"2","188","25317.0"
"8","188","25202.0"
"9","188","25606.0"
"10","188","26195.0"
"1","189","23233.0"
"2","189","23123.0"
"8","189","23505.0"
"9","189","23511.0"
"10","189","23636.0"
"1","190","1182879.0"
"2","190","1263462.0"
"8","190","1344024.0"
"9","190","1455901.0"
"10","190","1588896.0"
"1","191","5936.0"
"2","191","5470.0"
"8","191","5667.0"
"9","191","4352.0"
"1","192","966542.0"
"2","192","944773.0"
"8","192","902032.0"
"9","192","919796.0"
"10","192","934697.0"
"1","193","7676.0"
"2","193","11636.0"
"8","193","9651.0"
"9","193","9754.0"
"10","193","9859.0"
"1","194","47974.0"
"2","194","49124.0"
"8","194","49329.0"
"9","194","50105.0"
"10","194","50845.0"
"1","195","5981.0"
"2","195","6299.0"
"8","195","6286.0"
"9","195","6343.0"
"10","195","6368.0"
"1","196","205524.0"
"2","196","228774.0"
"3","196","210839.0"
"4","196","199818.0"
"5","196","201939.0"
"1","197","1063260.0"
"2","197","1112649.0"
"3","197","1102585.0"
"4","197","1086511.0"
"5","197","1009686.0"
"1","198","212407.0"
"2","198","185351.0"
"3","198","167902.0"
"4","198","169340.0"
"5","198","151245.0"
"1","199","167996.0"
"2","199","170580.0"
"3","199","171457.0"
"4","199","170893.0"
"5","199","170900.0"
"1","200","6254.0"
"2","200","6557.0"
"3","200","6667.0"
"4","200","6800.0"
"5","200","6929.0"
"1","201","73369.0"
"2","201","80527.0"
"3","201","76951.0"
"4","201","75791.0"
"5","201","77232.0"
"1","202","60189.0"
"2","202","64011.0"
"3","202","56557.0"
"4","202","57209.0"
"5","202","54256.0"
"1","203","323842.0"
"2","203","290333.0"
"3","203","265278.0"
"4","203","246517.0"
"5","203","236734.0"
"1","204","456728.0"
"2","204","409383.0"
"3","204","393741.0"
"4","204","366088.0"
"5","204","360233.0"
"1","205","160716.0"
"2","205","144979.0"
"3","205","132197.0"
"4","205","132661.0"
"5","205","132536.0"
"1","206","82268.0"
"2","206","82300.0"
"3","206","76881.0"
"4","206","76278.0"
"5","206","76099.0"
"1","207","59720.0"
"2","207","58571.0"
"3","207","55523.0"
"4","207","51918.0"
"5","207","51459.0"
"1","208","1055930.0"
"2","208","1049914.0"
"3","208","1049826.0"
"4","208","1017888.0"
"5","208","1004263.0"
"1","209","242090.0"
"2","209","265938.0"
"3","209","268804.0"
"4","209","250868.0"
"5","209","256867.0"
"1","210","1296239.0"
"2","210","1157931.0"
"3","210","1097733.0"
"4","210","1029466.0"
"5","210","1019290.0"
"1","211","1481985.0"
"2","211","759853.0"
"3","211","378359.0"
"4","211","386174.0"
"5","211","394746.0"
"1","212","100909.0"
"2","212","91058.0"
"3","212","47332.0"
"4","212","44270.0"
"5","212","44884.0"
"1","213","21721.0"
"2","213","84572.0"
"3","213","64536.0"
"4","213","49478.0"
"5","213","49417.0"
"1","214","81393.0"
"2","214","158090.0"
"3","214","143946.0"
"4","214","137916.0"
"5","214","139033.0"
"1","215","720.0"
"2","215","1620.0"
"3","215","1616.0"
"4","215","1620.0"
"5","215","1621.0"
"1","216","1421.0"
"2","216","3123.0"
"3","216","3115.0"
"4","216","3124.0"
"5","216","3125.0"
"1","217","343.0"
"2","217","375.0"
"1","218","3792281.0"
"12","218","3899486.0"
"3","218","3478359.0"
"4","218","3087686.0"
"5","218","3136391.0"
"1","219","621906.0"
"12","219","668179.0"
"3","219","552369.0"
"4","219","521631.0"
"5","219","537401.0"
"1","220","2021084.0"
"12","220","2038879.0"
"3","220","2073814.0"
"4","220","2113059.0"
"5","220","2153682.0"
"1","234","75566.0"
"2","234","76915.0"
"3","234","73503.0"
"4","234","72628.0"
"5","234","75229.0"
"1","235","502463.0"
"2","235","372884.0"
"3","235","364146.0"
"4","235","376946.0"
"5","235","382539.0"
"1","236","1158437.0"
"2","236","1217358.0"
"3","236","1232218.0"
"4","236","1250282.0"
"5","236","1264265.0"
"1","237","208354.0"
"2","237","202957.0"
"3","237","203424.0"
"4","237","199930.0"
"5","237","200670.0"
"1","238","23609.0"
"2","238","17578.0"
"3","238","13133.0"
"4","238","2639.0"
"5","238","2644.0"
"1","239","572811.0"
"2","239","504922.0"
"3","239","486877.0"
"4","239","474147.0"
"5","239","474983.0"
"1","240","278203.0"
"2","240","256321.0"
"3","240","278368.0"
"4","240","284018.0"
"5","240","286416.0"
"1","241","278203.0"
"2","241","256321.0"
"3","241","278368.0"
"4","241","284018.0"
"5","241","286416.0"
"1","242","448874.0"
"2","242","680148.0"
"3","242","826887.0"
"4","242","854644.0"
"5","242","580870.0"
"1","243","572811.0"
"2","243","504922.0"
"3","243","486877.0"
"4","243","474147.0"
"5","243","474983.0"
"1","245","448874.0"
"2","245","680148.0"
"3","245","826887.0"
"4","245","854644.0"
"5","245","580870.0"
"1","246","209337.0"
"2","246","236211.0"
"3","246","243616.0"
"4","246","235678.0"
"5","246","236900.0"
"1","247","194041.0"
"2","247","196193.0"
"3","247","201192.0"
"4","247","203368.0"
"5","247","207704.0"
"1","248","2590.0"
"2","248","2271.0"
"3","248","2329.0"
"4","248","2355.0"
"5","248","2405.0"
"1","249","13102.0"
"2","249","12882.0"
"3","249","13211.0"
"4","249","13353.0"
"5","249","13638.0"
"1","250","10939.0"
"2","250","9535.0"
"3","250","10370.0"
"4","250","10907.0"
"5","250","4433.0"
"1","251","32373.0"
"2","251","34843.0"
"3","251","37825.0"
"4","251","37825.0"
"5","251","37825.0"
"1","252","34154.0"
"2","252","33984.0"
"3","252","34115.0"
"4","252","34875.0"
"5","252","35656.0"
"1","253","4364.0"
"2","253","3663.0"
"3","253","3670.0"
"4","253","3685.0"
"5","253","3659.0"
"1","254","256511.0"
"2","254","341677.0"
"3","254","382974.0"
"4","254","395904.0"
"5","254","408780.0"
"1","255","256511.0"
"2","255","341677.0"
"3","255","382974.0"
"4","255","395904.0"
"5","255","408780.0"
"1","256","82615.0"
"2","256","82824.0"
"3","256","84386.0"
"4","256","85656.0"
"5","256","86294.0"
"1","257","122834.0"
"2","257","119028.0"
"3","257","117518.0"
"4","257","122192.0"
"5","257","125806.0"
"1","258","6509.0"
"2","258","7918.0"
"3","258","5643.0"
"4","258","5736.0"
"5","258","5546.0"
"1","259","381798.0"
"2","259","366693.0"
"3","259","399458.0"
"4","259","397066.0"
"5","259","399355.0"
"1","260","61392.0"
"2","260","66525.0"
"3","260","63156.0"
"4","260","62891.0"
"5","260","62346.0"
"1","261","4706.0"
"2","261","5994.0"
"3","261","6292.0"
"4","261","5974.0"
"5","261","6278.0"
"1","262","1685957.0"
"2","262","1624534.0"
"3","262","1529097.0"
"4","262","1501483.0"
"5","262","1510083.0"
"1","263","20695.0"
"2","263","21148.0"
"3","263","21688.0"
"4","263","22166.0"
"5","263","22725.0"
"1","264","162189.0"
"2","264","159799.0"
"3","264","160853.0"
"4","264","160489.0"
"5","264","159302.0"
"1","265","42369.0"
"2","265","39794.0"
"3","265","38294.0"
"4","265","39627.0"
"5","265","41029.0"
"1","266","26863.0"
"2","266","26919.0"
"3","266","26941.0"
"4","266","27184.0"
"5","266","27430.0"
"1","267","320.0"
"2","267","313.0"
"3","267","319.0"
"4","267","324.0"
"5","267","330.0"
"1","268","26863.0"
"2","268","26919.0"
"3","268","26941.0"
"4","268","27184.0"
"5","268","27430.0"
"1","269","320.0"
"2","269","313.0"
"3","269","319.0"
"4","269","324.0"
"5","269","330.0"
"1","271","24226.0"
"2","271","24313.0"
"3","271","24326.0"
"4","271","24490.0"
"5","271","24631.0"
"1","272","53437.0"
"2","272","57410.0"
"3","272","57552.0"
"4","272","58368.0"
"5","272","58545.0"
"1","273","25453.0"
"2","273","26348.0"
"3","273","26350.0"
"4","273","25462.0"
"5","273","25557.0"
"1","274","43069.0"
"2","274","42307.0"
"3","274","42059.0"
"4","274","42177.0"
"5","274","42679.0"
"1","275","33887.0"
"2","275","32918.0"
"3","275","32725.0"
"4","275","32821.0"
"5","275","33230.0"
"1","276","45648.0"
"2","276","43912.0"
"3","276","43166.0"
"4","276","43309.0"
"5","276","43700.0"
"1","277","33351.0"
"2","277","4170.0"
"3","277","4230.0"
"4","277","4310.0"
"5","277","4370.0"
"1","278","263852.0"
"2","278","292858.0"
"3","278","205780.0"
"4","278","166170.0"
"5","278","152125.0"
"1","279","100307.0"
"2","279","99722.0"
"3","279","94549.0"
"4","279","96952.0"
"5","279","98926.0"
"1","280","73752.0"
"2","280","61132.0"
"3","280","57465.0"
"4","280","60309.0"
"5","280","61339.0"
"1","281","27862.0"
"2","281","28779.0"
"3","281","28692.0"
"4","281","28971.0"
"5","281","29677.0"
"1","282","76534.0"
"2","282","65652.0"
"3","282","69654.0"
"4","282","72373.0"
"5","282","72514.0"
"1","283","36221.0"
"2","283","38562.0"
"3","283","34743.0"
"4","283","33362.0"
"5","283","34886.0"
"1","284","6985.0"
"2","284","11493.0"
"3","284","14809.0"
"4","284","14608.0"
"5","284","14011.0"
"1","285","24978.0"
"2","285","35467.0"
"3","285","39284.0"
"4","285","43433.0"
"5","285","44140.0"
"1","286","16652.0"
"2","286","23644.0"
"3","286","26190.0"
"4","286","28955.0"
"5","286","29426.0"
"1","287","15036.0"
"2","287","15890.0"
"3","287","14874.0"
"4","287","14967.0"
"5","287","15417.0"
"1","288","917108.0"
"2","288","889847.0"
"3","288","923404.0"
"4","288","935316.0"
"5","288","951769.0"
"1","289","326364.0"
"2","289","299481.0"
"3","289","306350.0"
"4","289","310440.0"
"5","289","315798.0"
"1","290","301183.0"
"2","290","281634.0"
"3","290","278629.0"
"4","290","295850.0"
"5","290","291611.0"
"1","291","50617.0"
"2","291","68784.0"
"3","291","70311.0"
"4","291","70177.0"
"5","291","71032.0"
"1","292","90734.0"
"2","292","87858.0"
"3","292","89542.0"
"4","292","90649.0"
"5","292","91725.0"
"1","293","13000.0"
"2","293","15000.0"
"3","293","12000.0"
"4","293","10010.0"
"5","293","10160.0"
"1","294","271574.0"
"2","294","290491.0"
"3","294","282393.0"
"4","294","282444.0"
"5","294","282867.0"
"1","297","51636.0"
"2","297","47543.0"
"3","297","47092.0"
"4","297","47389.0"
"5","297","47649.0"
"1","298","5890.0"
"2","298","5604.0"
"3","298","5154.0"
"4","298","5228.0"
"5","298","5271.0"
"1","347","5051.0"
"2","347","4816.0"
"3","347","4819.0"
"4","347","4859.0"
"5","347","4899.0"
"1","348","518133.0"
"2","348","414881.0"
"3","348","413981.0"
"4","348","376465.0"
"5","348","552791.0"
"1","349","158994.0"
"2","349","161379.0"
"3","349","152336.0"
"4","349","146251.0"
"5","349","141860.0"
"1","350","47682.0"
"2","350","57323.0"
"3","350","54750.0"
"4","350","52336.0"
"5","350","52780.0"
"1","352","592700.0"
"2","352","595552.0"
"3","352","594042.0"
"4","352","591954.0"
"5","352","592586.0"
"1","353","449274.0"
"2","353","456932.0"
"3","353","432281.0"
"4","353","418661.0"
"5","353","420846.0"
"1","354","50545.0"
"2","354","42820.0"
"3","354","87024.0"
"4","354","87521.0"
"5","354","87697.0"
"1","355","3335732.0"
"2","355","3400484.0"
"3","355","3241894.0"
"4","355","3046266.0"
"5","355","3049996.0"
"1","356","14984.0"
"2","356","19582.0"
"3","356","20712.0"
"4","356","23220.0"
"5","356","21256.0"
"1","357","143275.0"
"2","357","139330.0"
"3","357","139436.0"
"4","357","140388.0"
"5","357","141636.0"
"1","358","14388.0"
"2","358","18008.0"
"3","358","15062.0"
"4","358","16856.0"
"5","358","17589.0"
"1","359","452400.0"
"2","359","335000.0"
"3","359","333000.0"
"4","359","308000.0"
"5","359","335000.0"
"1","360","15000.0"
"2","360","25000.0"
"3","360","30000.0"
"4","360","30000.0"
"1","361","6913000.0"
"2","361","6922000.0"
"3","361","7241000.0"
"4","361","7654000.0"
"5","361","8114000.0"
"1","362","211790.0"
"2","362","222817.0"
"3","362","221680.0"
"4","362","218779.0"
"5","362","202310.0"
"1","363","83000.0"
"2","363","89000.0"
"3","363","90000.0"
"4","363","91000.0"
"5","363","92000.0"
"1","364","2377000.0"
"2","364","2373000.0"
"3","364","2466000.0"
"4","364","2566000.0"
"5","364","2689000.0"
"1","365","793000.0"
"2","365","792000.0"
"3","365","787000.0"
"4","365","780000.0"
"5","365","780000.0"
"1","366","234000.0"
"2","366","255000.0"
"3","366","261000.0"
"4","366","267000.0"
"5","366","273000.0"
"1","367","131000.0"
"2","367","128000.0"
"3","367","127000.0"
"4","367","127000.0"
"5","367","124000.0"
"1","368","439000.0"
"2","368","625000.0"
"3","368","436000.0"
"4","368","452000.0"
"5","368","470000.0"
"1","369","33000.0"
"2","369","13000.0"
"3","369","248000.0"
"4","369","19000.0"
"5","369","19000.0"
"1","370","145000.0"
"2","370","165000.0"
"3","370","165000.0"
"4","370","165000.0"
"5","370","165000.0"
"1","371","9051517.0"
"2","371","8147000.0"
"3","371","8345000.0"
"4","371","8394000.0"
"5","371","9011000.0"
"1","372","7000.0"
"2","372","7000.0"
"3","372","7000.0"
"4","372","7000.0"
"5","372","7000.0"
"1","373","7000.0"
"2","373","7000.0"
"3","373","7000.0"
"4","373","7000.0"
"5","373","7000.0"
"1","374","2208.0"
"2","374","2210.0"
"3","374","2213.0"
"4","374","2229.0"
"5","374","2243.0"
"1","375","6215.0"
"2","375","6175.0"
"3","375","6166.0"
"4","375","6194.0"
"5","375","6242.0"
"1","376","6910.0"
"2","376","6920.0"
"3","376","6914.0"
"4","376","6968.0"
"5","376","7032.0"
"1","377","127517.0"
"2","377","124980.0"
"3","377","124115.0"
"4","377","124978.0"
"5","377","124877.0"
"1","378","2024.0"
"2","378","2022.0"
"3","378","3834.0"
"4","378","3838.0"
"5","378","2368.0"
"1","379","35717.0"
"2","379","34590.0"
"3","379","34567.0"
"4","379","34741.0"
"5","379","34942.0"
"1","380","3.5439842E7"
"2","380","3.5532016E7"
"3","380","3.6506897E7"
"4","380","3.6187025E7"
"5","380","3.7484725E7"
"1","381","526266.0"
"2","381","164584.0"
"3","381","75676.0"
"4","381","271079.0"
"5","381","290783.0"
"1","382","6879.0"
"2","382","3479.0"
"3","382","69.0"
"4","382","9.0"
"5","382","9.0"
"1","383","6.4492026E7"
"2","383","6.8196479E7"
"3","383","7.0536612E7"
"4","383","7.4187042E7"
"5","383","7.7894863E7"
"1","384","2.0690025E7"
"2","384","2.1189153E7"
"3","384","2.2301415E7"
"4","384","2.346802E7"
"5","384","2.4691794E7"
"1","385","1495490.0"
"2","385","1516875.0"
"3","385","1538794.0"
"4","385","1562799.0"
"5","385","1586946.0"
"1","386","1521771.0"
"2","386","954443.0"
"3","386","173346.0"
"1","387","1360042.0"
"2","387","1535843.0"
"3","387","1564907.0"
"4","387","1596043.0"
"5","387","1562472.0"
"1","388","1.1365009E7"
"2","388","1.2189724E7"
"3","388","8221572.0"
"4","388","6538320.0"
"5","388","5930015.0"
"13","424","2326.0"
"14","424","2212.0"
"15","424","2206.0"
"16","424","2218.0"
"3","424","2233.0"
"13","425","42568.0"
"14","425","36406.0"
"17","425","47371.0"
"18","425","43402.0"
"19","425","43935.0"
"13","426","4632.0"
"14","426","4396.0"
"15","426","4420.0"
"16","426","4442.0"
"3","426","4468.0"
"13","430","483881.0"
"14","430","597056.0"
"15","430","413823.0"
"16","430","398472.0"
"3","430","411778.0"
"13","431","11835.0"
"14","431","3941.0"
"15","431","4145.0"
"16","431","4798.0"
"3","431","4936.0"
"13","432","2698.0"
"14","432","3013.0"
"15","432","3574.0"
"16","432","4300.0"
"3","432","4182.0"
"13","433","13122.0"
"14","433","19509.0"
"15","433","17294.0"
"16","433","15698.0"
"3","433","15738.0"
"14","434","997.0"
"15","434","1047.0"
"16","434","1264.0"
"3","434","1304.0"
"13","436","114886.0"
"14","436","129615.0"
"15","436","125977.0"
"16","436","126402.0"
"3","436","130067.0"
"13","438","56108.0"
"14","438","44688.0"
"15","438","44910.0"
"16","438","45392.0"
"3","438","46080.0"
"13","439","32034.0"
"14","439","31152.0"
"15","439","31324.0"
"16","439","31697.0"
"3","439","32229.0"
"13","440","13279.0"
"14","440","12733.0"
"15","440","11069.0"
"16","440","10368.0"
"3","440","10318.0"
"13","441","30946.0"
"14","441","21432.0"
"17","441","19154.0"
"18","441","19635.0"
"19","441","20096.0"
"14","442","168356.0"
"17","442","149724.0"
"18","442","4159.0"
"13","444","43518.0"
"20","444","45640.0"
"21","444","44943.0"
"22","444","44820.0"
"23","444","45175.0"
"13","445","1020676.0"
"14","445","988959.0"
"15","445","932968.0"
"16","445","932557.0"
"3","445","912147.0"
"13","446","236705.0"
"14","446","225984.0"
"15","446","158236.0"
"16","446","152063.0"
"3","446","159543.0"
"13","448","113363.0"
"14","448","112675.0"
"15","448","95514.0"
"16","448","96236.0"
"3","448","97407.0"
"13","449","41675.0"
"14","449","42844.0"
"15","449","44184.0"
"16","449","46697.0"
"3","449","46697.0"
"13","452","38545.0"
"14","452","39667.0"
"15","452","52681.0"
"16","452","52591.0"
"3","452","52729.0"
"13","455","20919.0"
"14","455","25777.0"
"15","455","25827.0"
"16","455","25940.0"
"3","455","26063.0"
"13","458","47777.0"
"14","458","58993.0"
"15","458","58229.0"
"16","458","57866.0"
"3","458","57932.0"
"13","459","66465.0"
"14","459","64972.0"
"15","459","69789.0"
"16","459","70871.0"
"3","459","71958.0"
"13","460","13303.0"
"14","460","13031.0"
"15","460","12761.0"
"13","463","46974.0"
"14","463","47452.0"
"15","463","47041.0"
"16","463","46743.0"
"3","463","46891.0"
"13","464","31461.0"
"14","464","31297.0"
"15","464","30776.0"
"16","464","30471.0"
"3","464","30568.0"
"13","466","327524.0"
"14","466","335912.0"
"15","466","338065.0"
"16","466","349043.0"
"3","466","356144.0"
"13","468","52898.0"
"14","468","49701.0"
"17","468","48246.0"
"18","468","48718.0"
"19","468","49908.0"
"13","469","625940.0"
"14","469","664055.0"
"15","469","709837.0"
"16","469","748321.0"
"3","469","792439.0"
"13","470","42230.0"
"14","470","41336.0"
"15","470","41218.0"
"16","470","41472.0"
"3","470","41866.0"
"13","471","63141.0"
"14","471","64404.0"
"15","471","65692.0"
"16","471","67006.0"
"3","471","68212.0"
"13","472","32998.0"
"14","472","35718.0"
"15","472","36239.0"
"16","472","35730.0"
"3","472","36295.0"
"13","473","527778.0"
"14","473","482502.0"
"15","473","498335.0"
"16","473","498755.0"
"3","473","522628.0"
"13","474","289861.0"
"14","474","264428.0"
"15","474","265687.0"
"16","474","272093.0"
"3","474","278374.0"
"13","475","3589.0"
"14","475","4348.0"
"15","475","2981.0"
"16","475","3232.0"
"3","475","3142.0"
"13","476","25094.0"
"14","476","26424.0"
"15","476","26287.0"
"16","476","26791.0"
"3","476","26703.0"
"13","479","167820.0"
"14","479","191925.0"
"15","479","110655.0"
"16","479","70408.0"
"3","479","22345.0"
"13","480","25916.0"
"14","480","25266.0"
"17","480","25284.0"
"18","480","25352.0"
"19","480","25432.0"
"13","481","14397.0"
"14","481","14119.0"
"17","481","15089.0"
"18","481","14040.0"
"19","481","14062.0"
"13","482","292907.0"
"14","482","279618.0"
"15","482","241892.0"
"16","482","237503.0"
"3","482","239200.0"
"13","483","3264.0"
"14","483","4603.0"
"15","483","4045.0"
"16","483","1648.0"
"3","483","1657.0"
"13","484","417113.0"
"14","484","431549.0"
"15","484","417637.0"
"16","484","414451.0"
"3","484","412459.0"
"13","485","55083.0"
"14","485","37716.0"
"15","485","37276.0"
"16","485","37515.0"
"3","485","84676.0"
"13","487","234144.0"
"14","487","238465.0"
"15","487","253800.0"
"16","487","262958.0"
"3","487","267176.0"
"13","488","78048.0"
"14","488","79488.0"
"15","488","84600.0"
"16","488","87653.0"
"3","488","89059.0"
"13","489","40668.0"
"14","489","36969.0"
"15","489","35898.0"
"16","489","36369.0"
"3","489","36791.0"
"13","490","3304097.0"
"14","490","3367763.0"
"15","490","3312493.0"
"16","490","3232951.0"
"3","490","3143054.0"
"13","491","16978.0"
"14","491","16895.0"
"15","491","15903.0"
"16","491","15509.0"
"3","491","15061.0"
"13","492","148683.0"
"14","492","146544.0"
"15","492","140371.0"
"16","492","137322.0"
"3","492","133854.0"
"13","493","13190.0"
"14","493","13111.0"
"15","493","12235.0"
"16","493","11887.0"
"3","493","11492.0"
"13","494","367500.0"
"14","494","307400.0"
"15","494","300000.0"
"16","494","264000.0"
"3","494","264000.0"
"13","495","22000.0"
"14","495","30000.0"
"13","496","6116900.0"
"14","496","6236000.0"
"15","496","6465900.0"
"16","496","6723700.0"
"3","496","7069700.0"
"13","497","182538.0"
"14","497","224586.0"
"15","497","230578.0"
"16","497","236707.0"
"3","497","238286.0"
"13","498","63000.0"
"14","498","66000.0"
"15","498","70000.0"
"16","498","72000.0"
"3","498","74000.0"
"13","499","2885000.0"
"14","499","2901000.0"
"15","499","3290000.0"
"16","499","3567000.0"
"3","499","3873000.0"
"13","500","742400.0"
"14","500","718400.0"
"15","500","100000.0"
"16","500","100000.0"
"3","500","100000.0"
"13","501","272000.0"
"14","501","249000.0"
"15","501","255000.0"
"16","501","255000.0"
"3","501","246000.0"
"13","502","165000.0"
"14","502","159000.0"
"15","502","158000.0"
"16","502","157000.0"
"3","502","154000.0"
"13","503","364000.0"
"14","503","347000.0"
"15","503","337000.0"
"16","503","331000.0"
"3","503","340000.0"
"13","504","22000.0"
"14","504","26000.0"
"15","504","10000.0"
"16","504","9000.0"
"3","504","9000.0"
"13","505","230000.0"
"14","505","230000.0"
"15","505","275000.0"
"16","505","275000.0"
"3","505","275000.0"
"13","506","5791408.0"
"14","506","6498000.0"
"15","506","7064000.0"
"16","506","7689000.0"
"3","506","8138000.0"
"13","507","15000.0"
"13","510","244683.0"
"14","510","228232.0"
"15","510","230088.0"
"16","510","231397.0"
"3","510","230496.0"
"13","511","140897.0"
"14","511","140714.0"
"15","511","140158.0"
"16","511","139946.0"
"3","511","137900.0"
"13","512","140897.0"
"14","512","140714.0"
"15","512","140158.0"
"16","512","139946.0"
"3","512","137900.0"
"13","513","13001.0"
"14","513","13218.0"
"15","513","13180.0"
"16","513","13244.0"
"3","513","13300.0"
"13","518","367107.0"
"14","518","367949.0"
"15","518","319454.0"
"16","518","320361.0"
"3","518","319232.0"
"13","519","30914.0"
"14","519","28997.0"
"17","519","29290.0"
"18","519","29688.0"
"19","519","30024.0"
"13","521","5815.0"
"14","521","2870.0"
"13","522","34421.0"
"14","522","57127.0"
"15","522","68831.0"
"16","522","80024.0"
"3","522","93082.0"
"13","523","234752.0"
"14","523","363907.0"
"15","523","341633.0"
"16","523","344712.0"
"3","523","344887.0"
"13","525","6355.0"
"14","525","6305.0"
"15","525","6333.0"
"16","525","6362.0"
"3","525","6397.0"
"13","526","476298.0"
"14","526","469803.0"
"15","526","482366.0"
"16","526","497453.0"
"3","526","514300.0"
"13","528","476298.0"
"14","528","469803.0"
"15","528","482366.0"
"16","528","497453.0"
"3","528","514300.0"
"13","531","22880.0"
"14","531","20401.0"
"15","531","17916.0"
"16","531","14974.0"
"3","531","14972.0"
"13","534","1198850.0"
"14","534","1179660.0"
"15","534","1202604.0"
"16","534","1285362.0"
"3","534","1309654.0"
"13","535","160220.0"
"14","535","148330.0"
"15","535","154631.0"
"16","535","150587.0"
"3","535","149994.0"
"13","536","22641.0"
"14","536","23632.0"
"15","536","22862.0"
"16","536","10030.0"
"3","536","5541.0"
"13","537","25642.0"
"14","537","26959.0"
"15","537","24952.0"
"16","537","24758.0"
"3","537","24892.0"
"13","538","324.0"
"14","538","322.0"
"15","538","322.0"
"16","538","315.0"
"3","538","321.0"
"13","539","25642.0"
"14","539","26959.0"
"15","539","24952.0"
"16","539","24758.0"
"3","539","24892.0"
"13","540","324.0"
"14","540","322.0"
"15","540","322.0"
"16","540","315.0"
"3","540","321.0"
"13","541","3518646.0"
"24","541","3505783.0"
"15","541","3244653.0"
"16","541","3218557.0"
"3","541","3220789.0"
"13","542","623856.0"
"24","542","548737.0"
"15","542","553989.0"
"16","542","514419.0"
"3","542","519637.0"
"13","543","2009045.0"
"24","543","2004463.0"
"15","543","2038725.0"
"16","543","2077514.0"
"3","543","2118660.0"
"13","552","70876.0"
"14","552","71397.0"
"15","552","72378.0"
"16","552","71561.0"
"3","552","69275.0"
"13","554","342818.0"
"20","554","963801.0"
"21","554","1267363.0"
"22","554","916995.0"
"23","554","650709.0"
"13","562","834102.0"
"20","562","813196.0"
"21","562","829450.0"
"22","562","835216.0"
"23","562","847296.0"
"13","566","127611.0"
"20","566","162462.0"
"21","566","119866.0"
"22","566","128526.0"
"23","566","120563.0"
"13","567","51594.0"
"20","567","53864.0"
"21","567","53010.0"
"22","567","51817.0"
"23","567","44199.0"
"13","573","92503.0"
"20","573","93957.0"
"21","573","77477.0"
"22","573","71368.0"
"23","573","63410.0"
"13","580","625861.0"
"20","580","672654.0"
"21","580","678728.0"
"22","580","667874.0"
"23","580","622315.0"
"13","582","149722.0"
"14","582","149327.0"
"15","582","149581.0"
"16","582","150754.0"
"3","582","151834.0"
"13","583","38201.0"
"14","583","40396.0"
"15","583","39186.0"
"16","583","39351.0"
"3","583","39450.0"
"25","584","2.0890607E7"
"26","584","1.9335301E7"
"27","584","1.8469546E7"
"28","584","1.8449233E7"
"29","584","1.8666948E7"
"25","585","126178.0"
"26","585","127647.0"
"27","585","112611.0"
"28","585","102635.0"
"29","585","97790.0"
"25","586","65838.0"
"26","586","86455.0"
"27","586","126914.0"
"28","586","152663.0"
"29","586","188040.0"
"25","587","6167.0"
"26","587","6496.0"
"27","587","7068.0"
"28","587","7668.0"
"29","587","8318.0"
"25","588","45558.0"
"26","588","33186.0"
"27","588","29550.0"
"28","588","28634.0"
"29","588","28347.0"
"25","589","4.3243256E7"
"26","589","4.5408252E7"
"27","589","4.6875674E7"
"28","589","4.9554399E7"
"29","589","5.1864898E7"
"25","590","94426.0"
"26","590","104828.0"
"27","590","100489.0"
"28","590","87587.0"
"29","590","74450.0"
"25","591","1.6606273E7"
"26","591","1.7080828E7"
"27","591","1.7522315E7"
"28","591","1.799435E7"
"29","591","1.8639383E7"
"25","592","7842184.0"
"26","592","8396611.0"
"27","592","9003951.0"
"28","592","9539877.0"
"29","592","1.0288088E7"
"25","593","1.7030746E7"
"26","593","1.6501064E7"
"27","593","1.628103E7"
"28","593","1.745939E7"
"29","593","1.8057632E7"
"25","594","3405456.0"
"26","594","3213985.0"
"27","594","3169908.0"
"28","594","3483664.0"
"29","594","3615093.0"
"25","595","140466.0"
"26","595","125039.0"
"27","595","112640.0"
"28","595","110398.0"
"29","595","109115.0"
"25","596","1339.0"
"26","596","1358.0"
"25","597","71965.0"
"26","597","85065.0"
"27","597","87335.0"
"28","597","88905.0"
"29","597","86456.0"
"25","598","32783.0"
"26","598","28426.0"
"27","598","25389.0"
"28","598","25010.0"
"29","598","24787.0"
"25","599","598305.0"
"26","599","765789.0"
"27","599","652504.0"
"28","599","646071.0"
"29","599","588177.0"
"25","600","2043299.0"
"26","600","1750735.0"
"27","600","1640502.0"
"28","600","1731395.0"
"29","600","1785292.0"
"25","601","261563.0"
"26","601","319929.0"
"27","601","381773.0"
"28","601","447217.0"
"29","601","509921.0"
"25","602","136093.0"
"25","603","1051279.0"
"25","604","910862.0"
"25","606","273019.0"
"26","606","228489.0"
"27","606","205454.0"
"28","606","200928.0"
"29","606","198756.0"
"25","607","1001621.0"
"26","607","1074426.0"
"27","607","1118587.0"
"28","607","1091408.0"
"29","607","1045709.0"
"25","608","591185.0"
"26","608","567859.0"
"27","608","516087.0"
"28","608","404798.0"
"29","608","315445.0"
"25","609","125395.0"
"26","609","108808.0"
"27","609","97661.0"
"28","609","95599.0"
"29","609","94523.0"
"25","613","136093.0"
"25","614","1051279.0"
"25","615","910862.0"
"25","617","273019.0"
"26","617","228489.0"
"27","617","205454.0"
"28","617","200928.0"
"29","617","198756.0"
"13","656","5766581.0"
"14","656","6441895.0"
"15","656","6936299.0"
"16","656","7276982.0"
"3","656","7670662.0"
"13","657","9869154.0"
"14","657","1.0553797E7"
"15","657","1.106114E7"
"16","657","1.1556223E7"
"3","657","1.2106426E7"
"13","658","104268.0"
"14","658","101839.0"
"15","658","83313.0"
"16","658","75046.0"
"3","658","70820.0"
"13","659","1005.0"
"13","660","774.0"
"14","660","775.0"
"15","660","240.0"
"16","660","240.0"
"3","660","240.0"
"13","661","237188.0"
"14","661","422615.0"
"15","661","424997.0"
"16","661","358579.0"
"3","661","365692.0"
"13","662","2957334.0"
"14","662","4238005.0"
"15","662","4437718.0"
"13","663","2535272.0"
"14","663","3921255.0"
"15","663","4400080.0"
"16","663","27.0"
"3","663","14.0"
"16","664","1.1056787E7"
"3","664","1.2192035E7"
"13","665","6987735.0"
"14","665","7066253.0"
"15","665","6868463.0"
"16","665","6627359.0"
"3","665","6842294.0"
"13","666","492415.0"
"14","666","410120.0"
"15","666","418163.0"
"16","666","436374.0"
"3","666","366123.0"
"13","667","2443943.0"
"14","667","2619184.0"
"15","667","2577050.0"
"16","667","2816617.0"
"3","667","2909089.0"
"13","668","1829943.0"
"14","668","1777885.0"
"15","668","1931863.0"
"16","668","1912808.0"
"3","668","1971129.0"
"13","669","180140.0"
"14","669","175584.0"
"15","669","179360.0"
"16","669","182784.0"
"3","669","186966.0"
"13","670","55446.0"
"14","670","54090.0"
"15","670","51288.0"
"16","670","48236.0"
"3","670","53332.0"
"13","671","1247191.0"
"14","671","1361669.0"
"15","671","1363461.0"
"16","671","1385025.0"
"3","671","1395365.0"
"13","672","1250502.0"
"14","672","1645006.0"
"15","672","1722052.0"
"16","672","1726457.0"
"3","672","1723003.0"
"13","673","476108.0"
"14","673","368687.0"
"15","673","351900.0"
"16","673","350959.0"
"3","673","349563.0"
"13","674","15034.0"
"14","674","12477.0"
"15","674","12712.0"
"16","674","12808.0"
"3","674","13005.0"
"13","675","71538.0"
"14","675","69867.0"
"15","675","66993.0"
"16","675","67238.0"
"3","675","66477.0"
"13","676","438630.0"
"14","676","459955.0"
"15","676","463372.0"
"16","676","433747.0"
"3","676","444745.0"
"13","677","36550.0"
"14","677","34209.0"
"15","677","34348.0"
"16","677","34372.0"
"3","677","34392.0"
"13","678","65020.0"
"14","678","48213.0"
"15","678","5011.0"
"13","679","43236.0"
"14","679","37432.0"
"15","679","37884.0"
"16","679","37863.0"
"3","679","37512.0"
"13","680","59170.0"
"14","680","59660.0"
"15","680","56186.0"
"16","680","55502.0"
"3","680","58279.0"
"13","681","66847.0"
"14","681","61733.0"
"15","681","62659.0"
"16","681","63880.0"
"3","681","62985.0"
"13","682","2611.0"
"13","683","50840.0"
"14","683","46042.0"
"15","683","40922.0"
"16","683","37632.0"
"3","683","37474.0"
"13","684","6535.0"
"14","684","4928.0"
"15","684","2249.0"
"16","684","2239.0"
"3","684","2237.0"
"13","685","158630.0"
"14","685","197451.0"
"15","685","116792.0"
"16","685","75949.0"
"3","685","26738.0"
"13","686","164245.0"
"14","686","171370.0"
"15","686","167534.0"
"16","686","167023.0"
"3","686","184118.0"
"13","687","63072.0"
"14","687","16951.0"
"15","687","18083.0"
"16","687","18507.0"
"3","687","15692.0"
"13","688","42307.0"
"14","688","43176.0"
"15","688","5443.0"
"16","688","5339.0"
"3","688","2238.0"
"13","704","820139.0"
"14","704","847638.0"
"15","704","742293.0"
"16","704","737000.0"
"3","704","733825.0"
"13","705","3354244.0"
"14","705","3163845.0"
"15","705","3436048.0"
"16","705","3620003.0"
"3","705","3704214.0"
"14","706","2236958.0"
"15","706","12622.0"
"16","706","105000.0"
"3","706","1836110.0"
"13","707","7188.0"
"13","708","432649.0"
"14","708","467287.0"
"15","708","490653.0"
"16","708","524180.0"
"3","708","546701.0"
"13","709","27817.0"
"14","709","28215.0"
"15","709","51083.0"
"16","709","50933.0"
"3","709","50933.0"
"13","710","5044.0"
"14","710","4594.0"
"15","710","4594.0"
"16","710","4594.0"
"3","710","4594.0"
"13","711","158018.0"
"14","711","154266.0"
"15","711","155291.0"
"16","711","158417.0"
"3","711","161462.0"
"13","712","104183.0"
"14","712","104739.0"
"15","712","103909.0"
"16","712","104039.0"
"3","712","102481.0"
"13","713","232420.0"
"14","713","251702.0"
"15","713","247246.0"
"16","713","249398.0"
"3","713","259806.0"
"13","714","194815.0"
"14","714","203007.0"
"15","714","151822.0"
"16","714","152005.0"
"3","714","150991.0"
"13","715","182881.0"
"14","715","176311.0"
"15","715","156129.0"
"16","715","190661.0"
"3","715","200687.0"
"13","716","28823.0"
"14","716","27951.0"
"15","716","31019.0"
"16","716","31808.0"
"3","716","32374.0"
"13","717","19426.0"
"14","717","19353.0"
"17","717","19470.0"
"18","717","19781.0"
"19","717","19896.0"
"13","718","35186.0"
"14","718","34516.0"
"15","718","34712.0"
"16","718","35013.0"
"3","718","35350.0"
"13","719","86562.0"
"14","719","81426.0"
"15","719","82181.0"
"16","719","83329.0"
"3","719","85823.0"
"13","720","122096.0"
"14","720","112639.0"
"15","720","113542.0"
"16","720","113878.0"
"3","720","115150.0"
"13","721","188086.0"
"14","721","194506.0"
"15","721","191583.0"
"16","721","202352.0"
"3","721","196693.0"
"13","722","55202.0"
"14","722","53534.0"
"15","722","52439.0"
"16","722","41453.0"
"3","722","40825.0"
"13","723","219937.0"
"14","723","220500.0"
"15","723","213288.0"
"16","723","212102.0"
"3","723","211946.0"
"13","724","32507.0"
"14","724","25760.0"
"17","724","26865.0"
"18","724","22538.0"
"19","724","23599.0"
"30","726","118303.0"
"14","726","242366.0"
"17","726","249717.0"
"18","726","256186.0"
"19","726","267290.0"
"30","727","2282042.0"
"14","727","4197841.0"
"17","727","4700526.0"
"18","727","5294536.0"
"19","727","5794977.0"
"30","728","8093556.0"
"14","728","1.134754E7"
"17","728","1.19455E7"
"18","728","1.2627339E7"
"19","728","1.3495786E7"
"30","729","129395.0"
"14","729","193784.0"
"17","729","185110.0"
"18","729","187437.0"
"19","729","184556.0"
"13","731","160075.0"
"14","731","173533.0"
"17","731","172256.0"
"18","731","175134.0"
"19","731","175330.0"
"13","732","208294.0"
"14","732","124195.0"
"17","732","129015.0"
"18","732","83925.0"
"19","732","83882.0"
"13","733","307768.0"
"14","733","388362.0"
"17","733","325410.0"
"18","733","317020.0"
"19","733","316945.0"
"13","736","704448.0"
"14","736","827200.0"
"17","736","934019.0"
"18","736","1078173.0"
"19","736","1301030.0"
"13","737","168621.0"
"14","737","15829.0"
"17","737","3726.0"
"18","737","3745.0"
"19","737","7983.0"
"13","738","104955.0"
"14","738","62540.0"
"17","738","30688.0"
"18","738","21964.0"
"19","738","5901.0"
"13","739","12670.0"
"14","739","13162.0"
"17","739","12751.0"
"18","739","12695.0"
"19","739","12549.0"
"13","740","20584.0"
"14","740","19919.0"
"17","740","19268.0"
"18","740","19307.0"
"19","740","19289.0"
"13","743","685764.0"
"14","743","699630.0"
"17","743","717204.0"
"18","743","729822.0"
"19","743","548632.0"
"13","744","774869.0"
"14","744","822096.0"
"17","744","891052.0"
"18","744","926291.0"
"19","744","963764.0"
"13","745","1334801.0"
"14","745","1334453.0"
"17","745","1347820.0"
"18","745","1317395.0"
"19","745","1309208.0"
"13","746","320561.0"
"14","746","417298.0"
"17","746","383567.0"
"18","746","396406.0"
"19","746","397170.0"
"13","747","458678.0"
"14","747","429938.0"
"17","747","381766.0"
"18","747","399161.0"
"19","747","341743.0"
"13","748","360279.0"
"14","748","374990.0"
"17","748","355814.0"
"18","748","370226.0"
"19","748","370648.0"
"13","749","127245.0"
"14","749","138589.0"
"17","749","124261.0"
"18","749","124071.0"
"19","749","121632.0"
"13","751","2.1208995E7"
"14","751","2.1969725E7"
"17","751","2.2673612E7"
"18","751","2.3680664E7"
"19","751","2.512685E7"
"13","752","509199.0"
"14","752","564482.0"
"17","752","573082.0"
"18","752","583964.0"
"19","752","593392.0"
"13","753","1.0475552E7"
"14","753","1.0860153E7"
"17","753","1.104755E7"
"18","753","1.1373022E7"
"19","753","1.1768967E7"
"13","754","5965005.0"
"14","754","6260900.0"
"17","754","6503707.0"
"18","754","6823172.0"
"19","754","6823126.0"
"13","755","94611.0"
"14","755","98059.0"
"17","755","104375.0"
"18","755","110631.0"
"19","755","117269.0"
"13","756","315542.0"
"14","756","417154.0"
"17","756","417168.0"
"18","756","422511.0"
"19","756","439794.0"
"13","757","50342.0"
"14","757","79377.0"
"17","757","79431.0"
"18","757","79305.0"
"19","757","79094.0"
"13","758","340259.0"
"14","758","295658.0"
"17","758","307677.0"
"18","758","318693.0"
"19","758","327534.0"
"13","762","120908.0"
"14","762","113993.0"
"15","762","93291.0"
"16","762","91234.0"
"3","762","93174.0"
"13","763","52026.0"
"14","763","47907.0"
"15","763","49105.0"
"16","763","50332.0"
"3","763","51591.0"
"13","764","32969.0"
"14","764","30169.0"
"15","764","30923.0"
"16","764","31696.0"
"3","764","32488.0"
"13","765","6532.0"
"14","765","6594.0"
"15","765","6651.0"
"16","765","6701.0"
"3","765","6747.0"
"13","766","26528.0"
"14","766","23057.0"
"17","766","23090.0"
"18","766","24007.0"
"19","766","23948.0"
"13","768","516616.0"
"14","768","508194.0"
"15","768","500587.0"
"16","768","512234.0"
"3","768","503154.0"
"13","771","627613.0"
"14","771","534662.0"
"15","771","353898.0"
"16","771","291829.0"
"3","771","233008.0"
"13","774","197576.0"
"14","774","197439.0"
"15","774","206168.0"
"16","774","234526.0"
"3","774","263770.0"
"13","775","180494.0"
"14","775","188846.0"
"15","775","191532.0"
"16","775","192197.0"
"3","775","195548.0"
"13","776","7460.0"
"14","776","7810.0"
"15","776","7926.0"
"16","776","7953.0"
"3","776","8082.0"
"13","777","6129.0"
"14","777","6415.0"
"15","777","6513.0"
"16","777","6536.0"
"3","777","6642.0"
"13","778","170675.0"
"14","778","185281.0"
"15","778","139620.0"
"16","778","133469.0"
"3","778","120649.0"
"13","780","1135446.0"
"14","780","1145547.0"
"17","780","1222872.0"
"18","780","1303718.0"
"19","780","1388141.0"
"13","783","1772.0"
"14","783","1759.0"
"15","783","1742.0"
"16","783","1752.0"
"3","783","1769.0"
"13","789","4535.0"
"14","789","4358.0"
"17","789","4383.0"
"18","789","4408.0"
"19","789","4445.0"
"13","790","934135.0"
"14","790","926827.0"
"17","790","938832.0"
"18","790","942232.0"
"19","790","903174.0"
"13","793","6473.0"
"14","793","6478.0"
"17","793","6541.0"
"18","793","6624.0"
"19","793","6712.0"
"13","794","38479.0"
"14","794","36991.0"
"15","794","37815.0"
"16","794","37820.0"
"3","794","37825.0"
"13","801","23533.0"
"14","801","24960.0"
"15","801","25515.0"
"16","801","26506.0"
"3","801","27622.0"
"13","802","10085.0"
"14","802","10697.0"
"15","802","10935.0"
"16","802","11360.0"
"3","802","11838.0"
"13","806","8087.0"
"14","806","8807.0"
"15","806","8297.0"
"16","806","8986.0"
"3","806","8675.0"
"13","807","34854.0"
"14","807","35525.0"
"15","807","34305.0"
"16","807","33481.0"
"3","807","33678.0"
"13","808","911217.0"
"14","808","963141.0"
"15","808","920549.0"
"16","808","864747.0"
"3","808","891807.0"
"13","809","285984.0"
"14","809","286925.0"
"15","809","288713.0"
"16","809","289086.0"
"3","809","295808.0"
"13","810","286536.0"
"14","810","293672.0"
"15","810","294895.0"
"16","810","274799.0"
"3","810","308624.0"
"13","811","63310.0"
"14","811","54915.0"
"15","811","48796.0"
"16","811","48796.0"
"3","811","50321.0"
"13","812","94161.0"
"14","812","92700.0"
"15","812","90888.0"
"16","812","88903.0"
"3","812","90843.0"
"13","813","281499.0"
"14","813","279819.0"
"15","813","277476.0"
"16","813","282231.0"
"3","813","281150.0"
"13","816","6071.0"
"14","816","5408.0"
"17","816","5346.0"
"18","816","5356.0"
"19","816","5385.0"
"13","817","140946.0"
"14","817","133347.0"
"15","817","140462.0"
"16","817","139655.0"
"3","817","152300.0"
"13","818","21908.0"
"20","818","21106.0"
"21","818","21345.0"
"22","818","21178.0"
"23","818","20982.0"
"31","819","300162.0"
"32","819","301825.0"
"33","819","299686.0"
"34","819","294021.0"
"35","819","291534.0"
"31","820","82814.0"
"32","820","76745.0"
"33","820","75860.0"
"34","820","74342.0"
"35","820","74384.0"
"13","821","16869.0"
"14","821","17825.0"
"15","821","18911.0"
"16","821","19466.0"
"3","821","20035.0"
"13","822","19899.0"
"14","822","20209.0"
"15","822","20603.0"
"16","822","21082.0"
"3","822","21637.0"
"13","823","13020.0"
"14","823","12473.0"
"15","823","12357.0"
"16","823","12338.0"
"3","823","12368.0"
"13","824","175692.0"
"14","824","176340.0"
"15","824","177365.0"
"16","824","180491.0"
"3","824","183536.0"
"13","825","186524.0"
"14","825","183907.0"
"15","825","181878.0"
"16","825","183364.0"
"3","825","180495.0"
"13","826","23725.0"
"14","826","20538.0"
"15","826","15408.0"
"16","826","39870.0"
"3","826","59415.0"
"13","827","17394.0"
"14","827","14889.0"
"15","827","14426.0"
"16","827","9344.0"
"3","827","6292.0"
"13","828","5.8236127E7"
"14","828","6.1264511E7"
"15","828","6.4528803E7"
"16","828","6.7893732E7"
"3","828","7.0922026E7"
"13","829","1.7195914E7"
"14","829","1.7911602E7"
"15","829","1.8922838E7"
"16","829","1.9986677E7"
"3","829","2.110578E7"
"13","830","1455484.0"
"14","830","1476079.0"
"15","830","1499106.0"
"16","830","1522492.0"
"3","830","1547537.0"
"13","831","1439973.0"
"14","831","1486860.0"
"15","831","1515646.0"
"16","831","949477.0"
"3","831","185468.0"
"13","832","1324052.0"
"14","832","1342589.0"
"15","832","1362727.0"
"16","832","1383168.0"
"3","832","1405299.0"
"13","833","1.0715715E7"
"14","833","1.2513008E7"
"15","833","1.1204777E7"
"16","833","9325516.0"
"3","833","5511951.0"
"13","835","5662.0"
"14","835","5592.0"
"15","835","5595.0"
"16","835","5520.0"
"3","835","5490.0"
"36","836","45263.0"
"37","836","44297.0"
"16","836","44411.0"
"3","836","43904.0"
"4","836","44661.0"
"36","837","812471.0"
"37","837","953601.0"
"16","837","1118915.0"
"3","837","692815.0"
"4","837","675285.0"
"36","844","98310.0"
"37","844","77803.0"
"16","844","74870.0"
"3","844","66832.0"
"4","844","67122.0"
"36","856","961990.0"
"37","856","972571.0"
"16","856","1000121.0"
"3","856","997083.0"
"4","856","988115.0"
"36","857","54756.0"
"37","857","53064.0"
"16","857","51802.0"
"3","857","44166.0"
"4","857","44392.0"
"36","863","714895.0"
"37","863","712957.0"
"16","863","702598.0"
"3","863","655820.0"
"4","863","655086.0"
"36","867","714895.0"
"37","867","712957.0"
"16","867","702598.0"
"3","867","655820.0"
"4","867","655086.0"
"36","869","812471.0"
"37","869","953601.0"
"16","869","1118915.0"
"3","869","692815.0"
"4","869","675285.0"
"36","876","98310.0"
"37","876","77803.0"
"16","876","74870.0"
"3","876","66832.0"
"4","876","67122.0"
"36","888","961990.0"
"37","888","972571.0"
"16","888","1000121.0"
"3","888","997083.0"
"4","888","988115.0"
"36","889","54756.0"
"37","889","53064.0"
"16","889","51802.0"
"3","889","44166.0"
"4","889","44392.0"
"36","893","43690.0"
"37","893","58900.0"
"16","893","55962.0"
"3","893","65826.0"
"4","893","49223.0"
"36","894","38470.0"
"37","894","39080.0"
"16","894","47247.0"
"3","894","38287.0"
"4","894","39743.0"
"36","895","24113.0"
"37","895","22521.0"
"16","895","25115.0"
"3","895","19702.0"
"4","895","18703.0"
"36","896","31066.0"
"37","896","35872.0"
"16","896","34028.0"
"3","896","32645.0"
"4","896","33564.0"
"36","897","222691.0"
"37","897","215850.0"
"16","897","212800.0"
"3","897","214009.0"
"4","897","215029.0"
"36","898","160274.0"
"37","898","177412.0"
"16","898","180180.0"
"3","898","157091.0"
"4","898","137398.0"
"36","899","28981.0"
"37","899","30244.0"
"16","899","26418.0"
"3","899","26379.0"
"4","899","22710.0"
"36","906","995679.0"
"37","906","1024726.0"
"16","906","1046985.0"
"3","906","1025530.0"
"4","906","1003117.0"
"36","907","259131.0"
"37","907","214922.0"
"16","907","180323.0"
"3","907","171919.0"
"4","907","169952.0"
"36","908","114846.0"
"37","908","97504.0"
"16","908","98234.0"
"3","908","99481.0"
"4","908","99508.0"
"36","909","43021.0"
"37","909","44184.0"
"16","909","44861.0"
"3","909","44861.0"
"4","909","43323.0"
"38","922","953506.0"
"39","922","939570.0"
"34","922","919934.0"
"40","922","934138.0"
"41","922","955608.0"
"38","923","174793.0"
"39","923","178221.0"
"34","923","180848.0"
"40","923","183698.0"
"41","923","186956.0"
"38","924","42055.0"
"42","924","45172.0"
"34","924","42701.0"
"40","924","43318.0"
"41","924","43459.0"
"38","925","33128.0"
"42","925","33827.0"
"34","925","73283.0"
"40","925","74425.0"
"41","925","74691.0"
"38","926","18695.0"
"39","926","17323.0"
"34","926","17229.0"
"40","926","15630.0"
"41","926","15699.0"
"38","927","30841.0"
"42","927","31664.0"
"34","927","32199.0"
"40","927","32301.0"
"41","927","32416.0"
"38","928","36688.0"
"42","928","36816.0"
"34","928","38050.0"
"40","928","38736.0"
"41","928","38542.0"
"38","930","684399.0"
"42","930","679719.0"
"34","930","667961.0"
"40","930","648682.0"
"41","930","638404.0"
"38","931","32916.0"
"42","931","33535.0"
"34","931","33984.0"
"40","931","34395.0"
"41","931","34235.0"
"38","932","51239.0"
"39","932","51123.0"
"34","932","51240.0"
"40","932","51348.0"
"41","932","50716.0"
"38","933","76037.0"
"39","933","75603.0"
"34","933","75221.0"
"40","933","74290.0"
"41","933","69399.0"
"38","934","54763.0"
"42","934","57082.0"
"34","934","57888.0"
"40","934","58562.0"
"41","934","54933.0"
"38","935","15485.0"
"39","935","15881.0"
"34","935","16322.0"
"40","935","16737.0"
"41","935","16900.0"
"38","936","18410.0"
"42","936","17241.0"
"34","936","17684.0"
"40","936","16065.0"
"41","936","15187.0"
"38","937","311517.0"
"42","937","306197.0"
"34","937","297944.0"
"40","937","285030.0"
"41","937","289979.0"
"38","938","76745.0"
"42","938","75487.0"
"34","938","73759.0"
"40","938","73729.0"
"41","938","74982.0"
"38","939","93098.0"
"39","939","89840.0"
"34","939","90226.0"
"40","939","89904.0"
"41","939","90081.0"
"36","940","4742.0"
"37","940","6678.0"
"16","940","7032.0"
"3","940","7286.0"
"36","941","19509.0"
"37","941","17264.0"
"16","941","15698.0"
"3","941","15738.0"
"36","942","3013.0"
"37","942","3574.0"
"16","942","4300.0"
"3","942","4182.0"
"36","943","997.0"
"37","943","1047.0"
"16","943","1264.0"
"3","943","1304.0"
"36","944","25777.0"
"37","944","25453.0"
"16","944","25330.0"
"3","944","25332.0"
"4","944","25408.0"
"36","945","13411.0"
"37","945","13237.0"
"16","945","12861.0"
"36","946","482502.0"
"37","946","493858.0"
"16","946","494856.0"
"3","946","512711.0"
"4","946","523737.0"
"36","947","264428.0"
"37","947","266768.0"
"16","947","267334.0"
"3","947","276968.0"
"4","947","282927.0"
"36","948","4348.0"
"37","948","2940.0"
"16","948","3185.0"
"3","948","3084.0"
"4","948","3161.0"
"36","949","26262.0"
"37","949","25311.0"
"16","949","24913.0"
"3","949","24479.0"
"4","949","24306.0"
"36","950","40926.0"
"37","950","35521.0"
"16","950","35586.0"
"3","950","36348.0"
"4","950","35990.0"
"36","951","6921842.0"
"37","951","6996012.0"
"16","951","6900824.0"
"3","951","6930752.0"
"4","951","7049097.0"
"36","952","206866.0"
"37","952","202435.0"
"16","952","196047.0"
"3","952","188715.0"
"4","952","180441.0"
"36","953","420610.0"
"37","953","419728.0"
"16","953","435034.0"
"3","953","452431.0"
"4","953","499056.0"
"36","954","2686429.0"
"37","954","2219768.0"
"16","954","2430985.0"
"3","954","2548932.0"
"4","954","2711187.0"
"36","955","1777885.0"
"37","955","1943204.0"
"16","955","1939305.0"
"3","955","2016439.0"
"4","955","2097160.0"
"36","956","175584.0"
"37","956","178189.0"
"16","956","181025.0"
"3","956","184583.0"
"4","956","188268.0"
"36","957","56103.0"
"37","957","52832.0"
"16","957","49857.0"
"3","957","55032.0"
"4","957","52197.0"
"36","958","1169092.0"
"37","958","1211311.0"
"16","958","1189927.0"
"3","958","1142644.0"
"4","958","1133530.0"
"36","959","330944.0"
"37","959","357357.0"
"16","959","345703.0"
"3","959","350988.0"
"4","959","355613.0"
"36","960","3623185.0"
"37","960","3608735.0"
"36","961","3584220.0"
"37","961","3937565.0"
"16","961","27.0"
"3","961","14.0"
"4","961","14.0"
"16","962","8755068.0"
"3","962","9565605.0"
"4","962","1.0003857E7"
"36","963","6498273.0"
"37","963","7081298.0"
"16","963","7575902.0"
"3","963","8148436.0"
"4","963","8742958.0"
"36","964","1.0596622E7"
"37","964","1.1136228E7"
"16","964","1.1689944E7"
"3","964","1.2308599E7"
"4","964","1.2964518E7"
"36","965","111480.0"
"37","965","119529.0"
"16","965","114441.0"
"3","965","102756.0"
"4","965","73395.0"
"36","966","535.0"
"36","967","12899.0"
"37","967","13186.0"
"16","967","12411.0"
"3","967","12694.0"
"4","967","12576.0"
"36","968","39585.0"
"37","968","34167.0"
"16","968","34199.0"
"3","968","34328.0"
"4","968","35101.0"
"36","969","4939.0"
"37","969","4364.0"
"16","969","1979.0"
"3","969","1988.0"
"4","969","2000.0"
"36","970","44478.0"
"37","970","383489.0"
"16","970","390730.0"
"3","970","404487.0"
"4","970","421416.0"
"36","971","44478.0"
"37","971","383489.0"
"16","971","390730.0"
"3","971","404487.0"
"4","971","421417.0"
"36","972","1487853.0"
"37","972","1575282.0"
"16","972","1621484.0"
"3","972","1594555.0"
"4","972","1591710.0"
"36","973","393556.0"
"37","973","401151.0"
"16","973","400234.0"
"3","973","399209.0"
"4","973","397077.0"
"36","974","70331.0"
"37","974","72894.0"
"16","974","67313.0"
"3","974","66712.0"
"4","974","65866.0"
"36","975","83357.0"
"37","975","79062.0"
"16","975","79052.0"
"3","975","80839.0"
"4","975","82358.0"
"36","976","126209.0"
"37","976","121270.0"
"16","976","117003.0"
"3","976","115494.0"
"4","976","119935.0"
"37","977","6509.0"
"16","977","5809.0"
"3","977","3604.0"
"4","977","3625.0"
"36","978","20463.0"
"37","978","20659.0"
"16","978","21074.0"
"3","978","21524.0"
"4","978","22050.0"
"36","979","5945.0"
"37","979","5890.0"
"16","979","5604.0"
"3","979","5159.0"
"4","979","5223.0"
"36","980","293686.0"
"37","980","301695.0"
"16","980","237234.0"
"3","980","256473.0"
"4","980","138692.0"
"36","981","371173.0"
"37","981","377146.0"
"16","981","364264.0"
"3","981","354093.0"
"4","981","352352.0"
"36","982","3529.0"
"37","982","1465.0"
"36","983","53700.0"
"37","983","75659.0"
"16","983","83347.0"
"3","983","95161.0"
"4","983","103807.0"
"36","984","289883.0"
"37","984","297211.0"
"16","984","290757.0"
"3","984","302987.0"
"4","984","322475.0"
"36","986","80016.0"
"37","986","80308.0"
"16","986","79063.0"
"3","986","77222.0"
"4","986","73943.0"
"36","987","51979.0"
"37","987","63770.0"
"16","987","63401.0"
"3","987","63822.0"
"4","987","54489.0"
"36","988","51856.0"
"37","988","50615.0"
"16","988","41769.0"
"3","988","39695.0"
"4","988","40888.0"
"36","989","5174.0"
"37","989","2854.0"
"16","989","2261.0"
"3","989","2262.0"
"4","989","2320.0"
"36","990","306593.0"
"37","990","266638.0"
"16","990","243735.0"
"3","990","261584.0"
"4","990","141059.0"
"36","991","479075.0"
"37","991","430964.0"
"16","991","370864.0"
"3","991","365634.0"
"4","991","295684.0"
"36","992","47429.0"
"37","992","61305.0"
"16","992","56269.0"
"3","992","57497.0"
"4","992","56357.0"
"36","993","52194.0"
"37","993","64189.0"
"16","993","57557.0"
"3","993","63457.0"
"4","993","63532.0"
"36","994","42604.0"
"37","994","37788.0"
"16","994","36933.0"
"3","994","35299.0"
"4","994","34879.0"
"36","995","53117.0"
"37","995","50596.0"
"16","995","50248.0"
"3","995","51627.0"
"4","995","53345.0"
"36","996","61776.0"
"37","996","62755.0"
"16","996","61633.0"
"3","996","62450.0"
"4","996","62075.0"
"36","997","179459.0"
"37","997","176972.0"
"16","997","164896.0"
"3","997","172688.0"
"4","997","211740.0"
"36","998","63174.0"
"37","998","65810.0"
"16","998","59345.0"
"3","998","57870.0"
"4","998","57407.0"
"36","999","18318.0"
"37","999","18463.0"
"16","999","19689.0"
"3","999","20719.0"
"4","999","21645.0"
"36","1000","397853.0"
"37","1000","151485.0"
"16","1000","430936.0"
"3","1000","134848.0"
"4","1000","169269.0"
"36","1001","114688.0"
"37","1001","106576.0"
"16","1001","100495.0"
"3","1001","100794.0"
"4","1001","101736.0"
"36","1002","56923.0"
"37","1002","69720.0"
"16","1002","74087.0"
"3","1002","75755.0"
"4","1002","77772.0"
"36","1003","2075.0"
"37","1003","2717.0"
"16","1003","3335.0"
"3","1003","4772.0"
"4","1003","6305.0"
"36","1004","516092.0"
"37","1004","461468.0"
"16","1004","466739.0"
"3","1004","471842.0"
"4","1004","474636.0"
"36","1005","24053.0"
"37","1005","31294.0"
"16","1005","28066.0"
"3","1005","27380.0"
"4","1005","27263.0"
"36","1006","31855.0"
"37","1006","20451.0"
"16","1006","16308.0"
"3","1006","13203.0"
"4","1006","13199.0"
"36","1007","102088.0"
"37","1007","134382.0"
"16","1007","106163.0"
"3","1007","99403.0"
"4","1007","98956.0"
"36","1008","108273.0"
"37","1008","150840.0"
"16","1008","155307.0"
"3","1008","159731.0"
"4","1008","164404.0"
"36","1009","209035.0"
"37","1009","73985.0"
"16","1009","69032.0"
"3","1009","65125.0"
"4","1009","53158.0"
"36","1010","16758.0"
"37","1010","26812.0"
"16","1010","26745.0"
"3","1010","26672.0"
"4","1010","26742.0"
"36","1011","8990307.0"
"37","1011","8008855.0"
"16","1011","8195588.0"
"3","1011","8364674.0"
"4","1011","8494563.0"
"36","1012","448960.0"
"37","1012","699796.0"
"16","1012","3437828.0"
"3","1012","1804003.0"
"4","1012","1742762.0"
"36","1013","84487.0"
"37","1013","87804.0"
"16","1013","86585.0"
"3","1013","86308.0"
"4","1013","86155.0"
"36","1014","21388.0"
"37","1014","75979.0"
"16","1014","76824.0"
"3","1014","82052.0"
"4","1014","78954.0"
"36","1015","126344.0"
"37","1015","128468.0"
"16","1015","127550.0"
"3","1015","129594.0"
"4","1015","134033.0"
"36","1016","259347.0"
"37","1016","274701.0"
"16","1016","283990.0"
"3","1016","291788.0"
"4","1016","299449.0"
"36","1017","86449.0"
"37","1017","91566.0"
"16","1017","94662.0"
"3","1017","97262.0"
"4","1017","99816.0"
"36","1018","140113.0"
"37","1018","141018.0"
"16","1018","140687.0"
"3","1018","138400.0"
"4","1018","137900.0"
"36","1019","232500.0"
"37","1019","227499.0"
"16","1019","226997.0"
"3","1019","225102.0"
"4","1019","224088.0"
"36","1020","140113.0"
"37","1020","141018.0"
"16","1020","140687.0"
"3","1020","138400.0"
"4","1020","137900.0"
"36","1021","13218.0"
"37","1021","12770.0"
"16","1021","12728.0"
"3","1021","12724.0"
"4","1021","12769.0"
"36","1034","180372.0"
"37","1034","166935.0"
"16","1034","163501.0"
"3","1034","164386.0"
"4","1034","176605.0"
"36","1035","180372.0"
"37","1035","166935.0"
"16","1035","163801.0"
"3","1035","164386.0"
"4","1035","176605.0"
"36","1036","36406.0"
"37","1036","47227.0"
"43","1036","41528.0"
"44","1036","39021.0"
"45","1036","50220.0"
"36","1037","30728.0"
"37","1037","21647.0"
"43","1037","19635.0"
"44","1037","20096.0"
"45","1037","20524.0"
"36","1038","184840.0"
"37","1038","231112.0"
"43","1038","215358.0"
"36","1039","60386.0"
"37","1039","61474.0"
"16","1039","60699.0"
"3","1039","60088.0"
"4","1039","59436.0"
"36","1040","26273.0"
"37","1040","25121.0"
"43","1040","25122.0"
"44","1040","25236.0"
"45","1040","25407.0"
"36","1041","14179.0"
"37","1041","17229.0"
"43","1041","13753.0"
"44","1041","13703.0"
"45","1041","13758.0"
"36","1042","295787.0"
"37","1042","296787.0"
"16","1042","259312.0"
"3","1042","239338.0"
"4","1042","240353.0"
"36","1043","29993.0"
"37","1043","30353.0"
"43","1043","31465.0"
"44","1043","31616.0"
"45","1043","29989.0"
"36","1044","19346.0"
"37","1044","19130.0"
"43","1044","19232.0"
"44","1044","19240.0"
"45","1044","19348.0"
"36","1045","2.2228066E7"
"37","1045","2.3017529E7"
"43","1045","2.4177066E7"
"44","1045","2.5848094E7"
"45","1045","2.729132E7"
"36","1046","525254.0"
"37","1046","538837.0"
"43","1046","565876.0"
"44","1046","591776.0"
"45","1046","609017.0"
"36","1047","1.2057011E7"
"37","1047","1.1800865E7"
"43","1047","1.1641092E7"
"44","1047","1.1671157E7"
"45","1047","1.1332921E7"
"36","1048","6069869.0"
"37","1048","6189013.0"
"43","1048","6324348.0"
"44","1048","6469319.0"
"45","1048","6630726.0"
"36","1049","99926.0"
"37","1049","102075.0"
"43","1049","88121.0"
"44","1049","92751.0"
"45","1049","97885.0"
"36","1050","334541.0"
"37","1050","348490.0"
"43","1050","361692.0"
"44","1050","372772.0"
"45","1050","390409.0"
"36","1051","78798.0"
"37","1051","80960.0"
"43","1051","77247.0"
"44","1051","76397.0"
"45","1051","76290.0"
"36","1052","363679.0"
"37","1052","369305.0"
"43","1052","372881.0"
"44","1052","389301.0"
"45","1052","396088.0"
"36","1053","735896.0"
"37","1053","800212.0"
"43","1053","853102.0"
"44","1053","611175.0"
"45","1053","595283.0"
"36","1054","824935.0"
"37","1054","906092.0"
"43","1054","919734.0"
"44","1054","955512.0"
"45","1054","992376.0"
"36","1055","1328430.0"
"37","1055","1336305.0"
"43","1055","1304477.0"
"44","1055","1295230.0"
"45","1055","1344222.0"
"36","1056","425582.0"
"37","1056","450028.0"
"43","1056","413323.0"
"44","1056","415638.0"
"45","1056","419307.0"
"36","1057","425038.0"
"37","1057","422758.0"
"43","1057","453363.0"
"44","1057","349844.0"
"45","1057","326937.0"
"36","1058","375214.0"
"37","1058","354133.0"
"43","1058","367746.0"
"44","1058","367785.0"
"45","1058","373267.0"
"36","1059","157278.0"
"37","1059","46764.0"
"43","1059","47059.0"
"44","1059","44487.0"
"45","1059","45571.0"
"36","1061","241914.0"
"37","1061","252001.0"
"43","1061","253695.0"
"44","1061","261653.0"
"45","1061","263851.0"
"36","1062","4126995.0"
"37","1062","4649813.0"
"43","1062","5515060.0"
"44","1062","6017738.0"
"45","1062","6439718.0"
"36","1063","1.1496951E7"
"37","1063","1.2058747E7"
"43","1063","1.2708667E7"
"44","1063","1.3570362E7"
"45","1063","1.4314432E7"
"36","1064","186127.0"
"37","1064","160690.0"
"43","1064","162840.0"
"44","1064","164126.0"
"45","1064","165832.0"
"36","1065","26723.0"
"37","1065","26881.0"
"43","1065","22597.0"
"44","1065","22593.0"
"45","1065","20288.0"
"36","1066","178065.0"
"37","1066","179685.0"
"43","1066","178059.0"
"44","1066","180136.0"
"45","1066","182774.0"
"36","1067","127394.0"
"37","1067","134770.0"
"43","1067","131488.0"
"44","1067","118988.0"
"45","1067","105893.0"
"36","1068","351186.0"
"37","1068","326935.0"
"43","1068","322379.0"
"44","1068","322164.0"
"45","1068","320958.0"
"36","1069","850567.0"
"37","1069","985349.0"
"43","1069","1130731.0"
"44","1069","1357051.0"
"45","1069","1674432.0"
"36","1070","53723.0"
"37","1070","65006.0"
"43","1070","13318.0"
"44","1070","10431.0"
"45","1070","10482.0"
"36","1071","46099.0"
"37","1071","49048.0"
"43","1071","22590.0"
"44","1071","3590.0"
"45","1071","3585.0"
"36","1072","9608.0"
"37","1072","9020.0"
"43","1072","8923.0"
"44","1072","8766.0"
"45","1072","9101.0"
"36","1073","22397.0"
"37","1073","24374.0"
"43","1073","24395.0"
"44","1073","24834.0"
"45","1073","25373.0"
"36","1074","23177.0"
"37","1074","23233.0"
"43","1074","24151.0"
"44","1074","24115.0"
"45","1074","24092.0"
"36","1075","1145221.0"
"37","1075","1208704.0"
"43","1075","1289449.0"
"44","1075","1373588.0"
"45","1075","1493784.0"
"36","1076","4858.0"
"37","1076","5897.0"
"43","1076","5428.0"
"44","1076","5627.0"
"45","1076","4305.0"
"36","1077","926820.0"
"37","1077","938138.0"
"43","1077","939103.0"
"44","1077","899096.0"
"45","1077","915951.0"
"36","1078","6478.0"
"37","1078","6476.0"
"43","1078","6513.0"
"44","1078","6580.0"
"45","1078","6653.0"
"36","1079","49701.0"
"37","1079","47974.0"
"43","1079","48561.0"
"44","1079","49401.0"
"45","1079","50084.0"
"36","1080","5152.0"
"37","1080","5248.0"
"43","1080","5045.0"
"44","1080","5130.0"
"45","1080","5251.0"
"36","1081","3731939.0"
"46","1081","3949504.0"
"16","1081","3527099.0"
"3","1081","3355990.0"
"4","1081","3190331.0"
"36","1082","577538.0"
"46","1082","583153.0"
"16","1082","512355.0"
"3","1082","515019.0"
"4","1082","529620.0"
"36","1083","1989447.0"
"46","1083","2028087.0"
"16","1083","2035724.0"
"3","1083","2067054.0"
"4","1083","2101651.0"
"36","1095","67316.0"
"37","1095","67618.0"
"16","1095","68065.0"
"3","1095","68447.0"
"4","1095","69006.0"
"36","1096","370912.0"
"37","1096","345660.0"
"16","1096","347112.0"
"3","1096","353815.0"
"4","1096","366881.0"
"36","1097","1167973.0"
"37","1097","1147427.0"
"16","1097","1207165.0"
"3","1097","1239082.0"
"4","1097","1250280.0"
"36","1098","177078.0"
"37","1098","202020.0"
"16","1098","196374.0"
"3","1098","194233.0"
"4","1098","194740.0"
"36","1099","21599.0"
"37","1099","24725.0"
"16","1099","18454.0"
"3","1099","11216.0"
"4","1099","3960.0"
"36","1100","198476.0"
"37","1100","206141.0"
"16","1100","208201.0"
"3","1100","191754.0"
"4","1100","167380.0"
"36","1101","194439.0"
"37","1101","207941.0"
"16","1101","246141.0"
"3","1101","273544.0"
"4","1101","276734.0"
"36","1102","505952.0"
"37","1102","506134.0"
"16","1102","475896.0"
"3","1102","461943.0"
"4","1102","452829.0"
"36","1103","194439.0"
"37","1103","207941.0"
"16","1103","246141.0"
"3","1103","273544.0"
"4","1103","276734.0"
"36","1104","588205.0"
"37","1104","692836.0"
"16","1104","813851.0"
"3","1104","785743.0"
"4","1104","683290.0"
"36","1105","505952.0"
"37","1105","506134.0"
"16","1105","475896.0"
"3","1105","461943.0"
"4","1105","452829.0"
"36","1109","588205.0"
"37","1109","692836.0"
"16","1109","813851.0"
"3","1109","785743.0"
"4","1109","683290.0"
"36","1110","197062.0"
"37","1110","193652.0"
"16","1110","193418.0"
"3","1110","194052.0"
"4","1110","201901.0"
"36","1111","7904.0"
"37","1111","7543.0"
"16","1111","7534.0"
"3","1111","7559.0"
"4","1111","7864.0"
"36","1112","7520.0"
"37","1112","6808.0"
"16","1112","6800.0"
"3","1112","6822.0"
"4","1112","7098.0"
"36","1113","6111.0"
"37","1113","8504.0"
"16","1113","9495.0"
"3","1113","10329.0"
"4","1113","10865.0"
"36","1114","36991.0"
"37","1114","32373.0"
"16","1114","37820.0"
"3","1114","37825.0"
"4","1114","37825.0"
"36","1129","24345.0"
"37","1129","28282.0"
"16","1129","27189.0"
"3","1129","27256.0"
"4","1129","27251.0"
"36","1130","322.0"
"37","1130","320.0"
"16","1130","313.0"
"3","1130","319.0"
"4","1130","323.0"
"36","1131","24345.0"
"37","1131","28282.0"
"16","1131","27189.0"
"3","1131","27256.0"
"4","1131","27251.0"
"36","1132","322.0"
"37","1132","320.0"
"16","1132","313.0"
"3","1132","319.0"
"4","1132","323.0"
"36","1133","153746.0"
"37","1133","161656.0"
"16","1133","161690.0"
"3","1133","162045.0"
"4","1133","162852.0"
"36","1134","40396.0"
"37","1134","39159.0"
"16","1134","39310.0"
"3","1134","39403.0"
"4","1134","39493.0"
"36","1135","57481.0"
"37","1135","58582.0"
"16","1135","58341.0"
"3","1135","58475.0"
"4","1135","58579.0"
"36","1136","47337.0"
"37","1136","43069.0"
"16","1136","42366.0"
"3","1136","42237.0"
"4","1136","42317.0"
"36","1137","31205.0"
"37","1137","33887.0"
"16","1137","33249.0"
"3","1137","33167.0"
"4","1137","33232.0"
"36","1138","41731.0"
"37","1138","42979.0"
"16","1138","41678.0"
"3","1138","40867.0"
"4","1138","40723.0"
"36","1139","64404.0"
"37","1139","65369.0"
"16","1139","66611.0"
"3","1139","67676.0"
"4","1139","68759.0"
"36","1144","58930.0"
"37","1144","76618.0"
"16","1144","65763.0"
"3","1144","69743.0"
"4","1144","72329.0"
"36","1146","35171.0"
"37","1146","40171.0"
"16","1146","26468.0"
"3","1146","26017.0"
"4","1146","25709.0"
"36","1148","25329.0"
"37","1148","25800.0"
"16","1148","26594.0"
"3","1148","27558.0"
"4","1148","28301.0"
"36","1149","10856.0"
"37","1149","11058.0"
"16","1149","11398.0"
"3","1149","11810.0"
"4","1149","12129.0"
"36","1150","14924.0"
"37","1150","15036.0"
"16","1150","14530.0"
"3","1150","14879.0"
"4","1150","14953.0"
"36","1151","945872.0"
"37","1151","911164.0"
"16","1151","861929.0"
"3","1151","894094.0"
"4","1151","906055.0"
"36","1152","284925.0"
"37","1152","285755.0"
"16","1152","286600.0"
"3","1152","293063.0"
"4","1152","296477.0"
"36","1153","296722.0"
"37","1153","301183.0"
"16","1153","281634.0"
"3","1153","278662.0"
"4","1153","295595.0"
"36","1154","58196.0"
"37","1154","47442.0"
"16","1154","48396.0"
"3","1154","49921.0"
"4","1154","50625.0"
"36","1155","90700.0"
"37","1155","89361.0"
"16","1155","87858.0"
"3","1155","89576.0"
"4","1155","90561.0"
"37","1156","13000.0"
"16","1156","15000.0"
"3","1156","12000.0"
"4","1156","10000.0"
"36","1157","288103.0"
"37","1157","273582.0"
"16","1157","273851.0"
"3","1157","274228.0"
"4","1157","279655.0"
"36","1159","168986.0"
"37","1159","236380.0"
"16","1159","186942.0"
"3","1159","148274.0"
"4","1159","136523.0"
"36","1160","47607.0"
"37","1160","47886.0"
"16","1160","47363.0"
"3","1160","46996.0"
"4","1160","47225.0"
"36","1193","4396.0"
"37","1193","4347.0"
"16","1193","4325.0"
"3","1193","4329.0"
"4","1193","4347.0"
"36","1194","621871.0"
"37","1194","430803.0"
"16","1194","400653.0"
"3","1194","412922.0"
"4","1194","374777.0"
"36","1195","142122.0"
"37","1195","158516.0"
"16","1195","145886.0"
"3","1195","142109.0"
"4","1195","138923.0"
"36","1196","40764.0"
"37","1196","40347.0"
"16","1196","32195.0"
"3","1196","32225.0"
"4","1196","32380.0"
"36","1197","664647.0"
"37","1197","713786.0"
"16","1197","755740.0"
"3","1197","796782.0"
"4","1197","842192.0"
"36","1198","459891.0"
"37","1198","438815.0"
"16","1198","422989.0"
"3","1198","418915.0"
"4","1198","408927.0"
"36","1199","59148.0"
"37","1199","42120.0"
"16","1199","44628.0"
"3","1199","93897.0"
"4","1199","90122.0"
"36","1200","3319340.0"
"37","1200","3332461.0"
"16","1200","3179221.0"
"3","1200","3067680.0"
"4","1200","2874252.0"
"36","1201","15214.0"
"37","1201","15029.0"
"16","1201","14937.0"
"3","1201","14666.0"
"4","1201","14737.0"
"36","1202","146544.0"
"37","1202","143706.0"
"16","1202","140859.0"
"3","1202","140966.0"
"4","1202","141650.0"
"36","1203","14611.0"
"37","1203","14431.0"
"16","1203","14340.0"
"3","1203","14351.0"
"4","1203","14421.0"
"36","1204","347700.0"
"37","1204","344000.0"
"16","1204","299000.0"
"3","1204","262000.0"
"4","1204","262000.0"
"36","1205","2300.0"
"36","1206","6194000.0"
"37","1206","6308100.0"
"16","1206","6514200.0"
"3","1206","6883800.0"
"4","1206","7349400.0"
"36","1207","191700.0"
"37","1207","224873.0"
"16","1207","229172.0"
"3","1207","229792.0"
"4","1207","228228.0"
"36","1208","71000.0"
"37","1208","77000.0"
"16","1208","87000.0"
"3","1208","88000.0"
"4","1208","89000.0"
"36","1209","2874400.0"
"37","1209","3003000.0"
"16","1209","3219000.0"
"3","1209","3461000.0"
"4","1209","3737000.0"
"36","1210","823000.0"
"37","1210","793000.0"
"16","1210","792000.0"
"3","1210","787000.0"
"4","1210","780000.0"
"36","1211","230000.0"
"37","1211","248000.0"
"16","1211","247000.0"
"3","1211","237000.0"
"4","1211","228000.0"
"36","1212","156000.0"
"37","1212","150000.0"
"16","1212","149000.0"
"3","1212","148000.0"
"4","1212","145000.0"
"36","1213","318000.0"
"37","1213","317000.0"
"16","1213","310000.0"
"3","1213","321000.0"
"4","1213","333000.0"
"36","1214","13000.0"
"37","1214","7000.0"
"16","1214","8000.0"
"3","1214","8000.0"
"4","1214","8000.0"
"36","1215","165000.0"
"37","1215","165000.0"
"16","1215","165000.0"
"3","1215","165000.0"
"4","1215","165000.0"
"36","1216","6855695.0"
"37","1216","7273000.0"
"16","1216","7521000.0"
"3","1216","7862000.0"
"4","1216","7918000.0"
"36","1217","8900.0"
"37","1217","7000.0"
"16","1217","7000.0"
"3","1217","7000.0"
"4","1217","7000.0"
"36","1218","2151.0"
"37","1218","2120.0"
"16","1218","2107.0"
"3","1218","2108.0"
"4","1218","2119.0"
"36","1219","6301.0"
"37","1219","6223.0"
"16","1219","6183.0"
"3","1219","6180.0"
"4","1219","6201.0"
"36","1220","6896.0"
"37","1220","6847.0"
"16","1220","6801.0"
"3","1220","6805.0"
"4","1220","6780.0"
"36","1221","1759.0"
"37","1221","6002.0"
"16","1221","5344.0"
"3","1221","5330.0"
"4","1221","5337.0"
"36","1222","35675.0"
"37","1222","35605.0"
"16","1222","34752.0"
"3","1222","34762.0"
"4","1222","34902.0"
"36","1223","121138.0"
"37","1223","116642.0"
"16","1223","107958.0"
"3","1223","120661.0"
"4","1223","119560.0"
"36","1224","205490.0"
"37","1224","220863.0"
"16","1224","210196.0"
"3","1224","190225.0"
"4","1224","181664.0"
"36","1225","31534.0"
"37","1225","154934.0"
"16","1225","42408.0"
"3","1225","56370.0"
"4","1225","70770.0"
"36","1226","14889.0"
"37","1226","14515.0"
"16","1226","9403.0"
"3","1226","6301.0"
"4","1226","5983.0"
"36","1227","5.9976138E7"
"37","1227","6.3070568E7"
"16","1227","6.6260369E7"
"3","1227","6.8325494E7"
"4","1227","7.2201829E7"
"36","1228","1.8459771E7"
"37","1228","1.9562602E7"
"16","1228","2.063859E7"
"3","1228","2.1768588E7"
"4","1228","2.2676723E7"
"36","1229","1476079.0"
"37","1229","1495490.0"
"16","1229","1516875.0"
"3","1229","1540311.0"
"4","1229","1562568.0"
"36","1230","1490390.0"
"37","1230","1519694.0"
"16","1230","950806.0"
"3","1230","180439.0"
"36","1231","1342589.0"
"37","1231","1360042.0"
"16","1231","1500165.0"
"3","1231","1524886.0"
"4","1231","1548457.0"
"36","1232","1.1636612E7"
"37","1232","1.1813074E7"
"16","1232","1.1720749E7"
"3","1232","7823682.0"
"4","1232","5649020.0"
"47","1264","24234.0"
"48","1264","20239.0"
"49","1264","19248.0"
"50","1264","15417.0"
"51","1264","15012.0"
"52","1267","43732.0"
"53","1267","40515.0"
"52","1268","49559.0"
"53","1268","45931.0"
"54","1296","52666.0"
"55","1296","50184.0"
"56","1296","49977.0"
"57","1296","49780.0"
"58","1296","49835.0"
"54","1320","26244.0"
"55","1320","26011.0"
"56","1320","25939.0"
"57","1320","25226.0"
"58","1320","25347.0"
"54","1333","17986.0"
"55","1333","15284.0"
"56","1333","14541.0"
"57","1333","14230.0"
"58","1333","14559.0"
"54","1368","31106.0"
"55","1368","30876.0"
"56","1368","30452.0"
"57","1368","29624.0"
"58","1368","30084.0"
"59","1419","318707.0"
"60","1419","254951.0"
"54","1456","555833.0"
"60","1456","570988.0"
"54","1457","213856.0"
"60","1457","247860.0"
"54","1458","813441.0"
"60","1458","731410.0"
"54","1459","561218.0"
"60","1459","661140.0"
"54","1460","94599.0"
"60","1460","102499.0"
"54","1461","150633.0"
"60","1461","177355.0"
"54","1462","30915.0"
"60","1462","29796.0"
"54","1463","12588.0"
"60","1463","14924.0"
"54","1464","90890.0"
"60","1464","88904.0"
"54","1465","711605.0"
"60","1465","875594.0"
"54","1466","737837.0"
"60","1466","741353.0"
"54","1467","175849.0"
"60","1467","175193.0"
"54","1468","737837.0"
"55","1468","741353.0"
"61","1468","787216.0"
"62","1468","836246.0"
"63","1468","887832.0"
"54","1469","175869.0"
"55","1469","175211.0"
"61","1469","169592.0"
"62","1469","170751.0"
"63","1469","172186.0"
"54","1470","1134745.0"
"64","1470","1209643.0"
"54","1471","284171.0"
"64","1471","238509.0"
"54","1472","375760.0"
"60","1472","414004.0"
"54","1473","9507374.0"
"60","1473","9491754.0"
"54","1474","144105.0"
"60","1474","153838.0"
"54","1475","306619.0"
"60","1475","327665.0"
"54","1476","152674.0"
"60","1476","157202.0"
"54","1477","18315.0"
"60","1477","53092.0"
"54","1478","6010996.0"
"60","1478","6316452.0"
"54","1479","66273.0"
"52","1540","45736.0"
"53","1540","47045.0"
"52","1541","23576.0"
"53","1541","10818.0"
"54","1628","21745.0"
"55","1628","19664.0"
"56","1628","19509.0"
"57","1628","19410.0"
"58","1628","19581.0"
"54","1631","234510.0"
"55","1631","118749.0"
"54","1638","23969.0"
"55","1638","25842.0"
"56","1638","25871.0"
"57","1638","26035.0"
"58","1638","26263.0"
"54","1652","1137611.0"
"55","1652","1142286.0"
"56","1652","1215090.0"
"57","1652","1290166.0"
"58","1652","1371935.0"
"54","1656","918036.0"
"55","1656","1024421.0"
"56","1656","949872.0"
"57","1656","925274.0"
"58","1656","934549.0"
"54","1657","4360.0"
"55","1657","4348.0"
"56","1657","4328.0"
"57","1657","4344.0"
"58","1657","4385.0"
"54","1658","33746.0"
"55","1658","34041.0"
"56","1658","34471.0"
"57","1658","34823.0"
"58","1658","35312.0"
"54","1661","6385.0"
"55","1661","6511.0"
"56","1661","6537.0"
"57","1661","6548.0"
"58","1661","6630.0"
"54","1682","46060.0"
"55","1682","46683.0"
"56","1682","47245.0"
"57","1682","47971.0"
"58","1682","48869.0"
"54","1683","462065.0"
"55","1683","511352.0"
"56","1683","564261.0"
"57","1683","620763.0"
"58","1683","680847.0"
"54","1685","5756.0"
"55","1685","5878.0"
"56","1685","5770.0"
"57","1685","5769.0"
"58","1685","5817.0"
"59","1701","326637.0"
"60","1701","341895.0"
"65","1756","1020771.0"
"66","1756","981166.0"
"65","1757","267658.0"
"66","1757","254202.0"
"67","1759","158933.0"
"68","1759","161388.0"
"69","1759","159860.0"
"15","1759","159744.0"
"16","1759","159755.0"
"65","1760","107245.0"
"66","1760","101444.0"
"65","1761","39608.0"
"66","1761","41692.0"
"65","1764","186183.0"
"66","1764","118793.0"
"65","1765","156420.0"
"66","1765","156196.0"
"66","1766","108334.0"
"65","1767","88001.0"
"66","1767","47270.0"
"65","1768","161162.0"
"66","1768","162627.0"
"65","1769","74893.0"
"66","1769","72978.0"
"65","1770","100306.0"
"66","1770","165228.0"
"65","1771","46170.0"
"66","1771","11940.0"
"65","1772","106576.0"
"66","1772","101906.0"
"67","1773","673280.0"
"68","1773","652855.0"
"69","1773","666278.0"
"15","1773","643859.0"
"16","1773","649754.0"
"67","1785","132422.0"
"68","1785","134750.0"
"69","1785","132124.0"
"15","1785","133170.0"
"16","1785","134185.0"
"67","1786","132422.0"
"68","1786","134750.0"
"69","1786","132124.0"
"15","1786","133170.0"
"16","1786","134185.0"
"67","1788","73588.0"
"68","1788","74285.0"
"69","1788","86826.0"
"15","1788","80380.0"
"16","1788","81161.0"
"67","1795","15629.0"
"68","1795","15569.0"
"69","1795","15544.0"
"15","1795","15738.0"
"16","1795","15919.0"
"52","1803","292391.0"
"70","1803","285214.0"
"52","1804","89130.0"
"70","1804","88234.0"
"65","1818","11521.0"
"66","1818","7360.0"
"65","1819","2626.0"
"66","1819","2252.0"
"65","1820","12774.0"
"66","1820","15608.0"
"65","1821","19158.0"
"66","1821","20798.0"
"65","1822","15370.0"
"66","1822","8288.0"
"65","1823","559588.0"
"66","1823","524071.0"
"65","1824","337514.0"
"66","1824","287145.0"
"65","1825","7245.0"
"66","1825","7236.0"
"65","1826","42397.0"
"66","1826","41693.0"
"65","1827","17325.0"
"66","1827","12599.0"
"65","1828","6453587.0"
"66","1828","6652630.0"
"66","1829","261565.0"
"65","1830","578439.0"
"66","1830","519487.0"
"65","1831","2403707.0"
"66","1831","2407891.0"
"65","1832","1755928.0"
"66","1832","1803439.0"
"65","1833","197799.0"
"66","1833","180501.0"
"65","1834","67495.0"
"66","1834","55481.0"
"65","1835","551660.0"
"66","1835","1508664.0"
"65","1836","5247309.0"
"66","1836","5746174.0"
"65","1837","9416669.0"
"66","1837","9996812.0"
"65","1838","85314.0"
"66","1838","99633.0"
"65","1839","45647.0"
"66","1839","1005.0"
"65","1840","14251.0"
"65","1841","67745.0"
"66","1841","774.0"
"65","1842","1435833.0"
"66","1842","1523012.0"
"65","1843","451440.0"
"66","1843","379411.0"
"65","1844","14643.0"
"66","1844","15010.0"
"65","1845","80519.0"
"66","1845","77453.0"
"71","1847","618445.0"
"66","1847","512869.0"
"72","1848","618445.0"
"68","1848","512869.0"
"69","1848","518572.0"
"15","1848","531804.0"
"16","1848","550462.0"
"65","1849","84749.0"
"66","1849","86562.0"
"65","1850","126667.0"
"66","1850","122212.0"
"65","1851","15375.0"
"66","1851","34008.0"
"65","1852","21147.0"
"66","1852","20899.0"
"65","1853","5874.0"
"66","1853","5698.0"
"65","1854","356791.0"
"66","1854","348369.0"
"65","1855","4653.0"
"66","1855","3841.0"
"65","1856","70761.0"
"66","1856","68409.0"
"65","1868","51761.0"
"66","1868","47310.0"
"65","1869","146682.0"
"66","1869","173675.0"
"65","1870","17009.0"
"66","1870","16786.0"
"65","1871","169392.0"
"66","1871","391956.0"
"65","1875","159776.0"
"66","1875","169164.0"
"65","1876","1133548.0"
"66","1876","983007.0"
"65","1877","249066.0"
"66","1877","3354665.0"
"65","1878","106868.0"
"65","1879","38057.0"
"65","1880","328421.0"
"66","1880","415804.0"
"65","1881","11623.0"
"66","1881","27817.0"
"65","1882","15182.0"
"66","1882","5044.0"
"65","1883","161455.0"
"66","1883","151290.0"
"65","1884","918607.0"
"65","1885","1053144.0"
"65","1886","1012546.0"
"65","1887","292886.0"
"65","1888","552600.0"
"65","1889","203972.0"
"65","1890","208549.0"
"66","1890","203369.0"
"65","1891","247767.0"
"66","1891","190257.0"
"65","1892","89577.0"
"66","1892","107607.0"
"65","1893","253668.0"
"66","1893","255095.0"
"65","1897","209506.0"
"66","1897","237657.0"
"65","1898","65032.0"
"66","1898","79219.0"
"65","1899","125924.0"
"66","1899","118742.0"
"67","1900","26487.0"
"68","1900","26704.0"
"73","1900","15417.0"
"74","1900","15456.0"
"75","1900","15914.0"
"67","1901","49126.0"
"68","1901","46777.0"
"73","1901","46553.0"
"74","1901","46565.0"
"75","1901","46282.0"
"67","1902","47098.0"
"68","1902","52976.0"
"73","1902","49889.0"
"74","1902","48447.0"
"75","1902","48973.0"
"67","1903","26006.0"
"68","1903","25924.0"
"73","1903","25154.0"
"74","1903","25236.0"
"75","1903","25320.0"
"67","1904","16238.0"
"68","1904","14766.0"
"73","1904","13494.0"
"74","1904","13689.0"
"75","1904","13705.0"
"67","1907","30661.0"
"68","1907","30465.0"
"73","1907","29058.0"
"74","1907","29393.0"
"75","1907","29816.0"
"67","1908","19648.0"
"68","1908","19426.0"
"73","1908","19293.0"
"74","1908","19413.0"
"75","1908","19743.0"
"67","1909","25984.0"
"68","1909","25928.0"
"73","1909","26054.0"
"74","1909","26204.0"
"75","1909","26542.0"
"67","1910","1111849.0"
"68","1910","1223968.0"
"73","1910","1290269.0"
"74","1910","1372026.0"
"75","1910","1372130.0"
"67","1911","4348.0"
"68","1911","4315.0"
"73","1911","4322.0"
"74","1911","4350.0"
"75","1911","4380.0"
"67","1912","948869.0"
"68","1912","934153.0"
"73","1912","920939.0"
"74","1912","928283.0"
"75","1912","938699.0"
"67","1913","34000.0"
"68","1913","34314.0"
"73","1913","34599.0"
"74","1913","35009.0"
"75","1913","35332.0"
"67","1914","6511.0"
"68","1914","6511.0"
"73","1914","6507.0"
"74","1914","6580.0"
"75","1914","6671.0"
"67","1915","462210.0"
"68","1915","564261.0"
"73","1915","620763.0"
"74","1915","680847.0"
"75","1915","680847.0"
"67","1916","5718.0"
"68","1916","5558.0"
"73","1916","5384.0"
"74","1916","5422.0"
"75","1916","5450.0"
"65","1971","63364.0"
"66","1971","67902.0"
"65","1973","149393.0"
"66","1973","145955.0"
"65","1974","23569.0"
"66","1974","23752.0"
"65","1975","51822.0"
"66","1975","52383.0"
"65","1976","4697.0"
"66","1976","4717.0"
"65","1977","57396.0"
"66","1977","61180.0"
"65","1978","26899.0"
"66","1978","28637.0"
"65","1979","1088601.0"
"66","1979","1095776.0"
"65","1980","149450.0"
"66","1980","157564.0"
"65","1981","23363.0"
"66","1981","23759.0"
"65","1982","37998.0"
"66","1982","37998.0"
"65","1983","171562.0"
"66","1983","177525.0"
"65","1984","5832.0"
"66","1984","6034.0"
"65","1985","5883.0"
"66","1985","6087.0"
"67","1986","584396.0"
"76","1986","512852.0"
"69","1986","492213.0"
"15","1986","483438.0"
"16","1986","485426.0"
"65","1987","228464.0"
"66","1987","178910.0"
"65","1988","1119486.0"
"66","1988","861725.0"
"65","1989","584396.0"
"66","1989","512852.0"
"67","1991","1119486.0"
"76","1991","861725.0"
"69","1991","551855.0"
"15","1991","389178.0"
"16","1991","234309.0"
"67","1992","228464.0"
"76","1992","178910.0"
"69","1992","156898.0"
"15","1992","142429.0"
"16","1992","173652.0"
"67","1999","24740.0"
"68","1999","23949.0"
"69","1999","23909.0"
"15","1999","23438.0"
"16","1999","23256.0"
"65","2001","24740.0"
"66","2001","23949.0"
"65","2002","325.0"
"66","2002","324.0"
"65","2003","153666.0"
"66","2003","152623.0"
"65","2004","33900.0"
"66","2004","38201.0"
"67","2005","153666.0"
"68","2005","152623.0"
"69","2005","152683.0"
"15","2005","153189.0"
"16","2005","154506.0"
"67","2006","33900.0"
"68","2006","38201.0"
"69","2006","40431.0"
"15","2006","39218.0"
"16","2006","39387.0"
"65","2007","58394.0"
"66","2007","56290.0"
"65","2008","112966.0"
"66","2008","130766.0"
"65","2009","29093.0"
"66","2009","40292.0"
"65","2010","37492.0"
"66","2010","31175.0"
"65","2011","76292.0"
"66","2011","63401.0"
"67","2012","76292.0"
"68","2012","63401.0"
"69","2012","64885.0"
"15","2012","65593.0"
"16","2012","68179.0"
"65","2013","21657.0"
"66","2013","24045.0"
"65","2014","3134.0"
"66","2014","3181.0"
"65","2015","23742.0"
"66","2015","24329.0"
"65","2016","10174.0"
"66","2016","10427.0"
"65","2017","13957.0"
"66","2017","14280.0"
"65","2018","773066.0"
"66","2018","825583.0"
"65","2019","292430.0"
"66","2019","285543.0"
"65","2020","241314.0"
"66","2020","249454.0"
"65","2021","49192.0"
"66","2021","51630.0"
"65","2022","83210.0"
"66","2022","59236.0"
"65","2023","311165.0"
"66","2023","279013.0"
"65","2024","275950.0"
"66","2024","138153.0"
"65","2025","63355.0"
"66","2025","50930.0"
"77","2026","2839.0"
"78","2026","1339.0"
"77","2027","64790.0"
"78","2027","72232.0"
"77","2028","22870.0"
"78","2028","22532.0"
"77","2029","948743.0"
"78","2029","1214754.0"
"77","2030","612871.0"
"78","2030","594563.0"
"77","2031","91510.0"
"78","2031","99236.0"
"77","2044","569737.0"
"78","2044","571372.0"
"77","2045","1980127.0"
"78","2045","2066333.0"
"77","2046","204440.0"
"78","2046","261563.0"
"77","2047","449931.0"
"78","2047","524313.0"
"77","2048","1527689.0"
"78","2048","3624292.0"
"77","2049","1490027.0"
"78","2049","3537559.0"
"77","2051","225330.0"
"78","2051","288963.0"
"77","2052","133826.0"
"78","2052","129371.0"
"77","2053","1641069.0"
"78","2053","1640574.0"
"77","2054","1364033.0"
"78","2054","1530913.0"
"77","2055","9683270.0"
"78","2055","1.0160786E7"
"77","2056","104497.0"
"78","2056","103415.0"
"77","2057","178067.0"
"78","2057","210161.0"
"77","2058","226715.0"
"78","2058","221848.0"
"77","2059","45354.0"
"78","2059","42582.0"
"65","2060","14661.0"
"66","2060","14220.0"
"79","2061","450308.0"
"80","2061","850592.0"
"79","2062","17191.0"
"80","2062","6730.0"
"79","2063","161905.0"
"80","2063","221602.0"
"65","2065","395356.0"
"66","2065","489010.0"
"67","2066","141371.0"
"68","2066","138645.0"
"69","2066","137384.0"
"15","2066","137763.0"
"16","2066","136764.0"
"67","2067","34221.0"
"68","2067","33578.0"
"69","2067","33020.0"
"15","2067","33247.0"
"16","2067","33474.0"
"65","2068","141371.0"
"66","2068","138645.0"
"65","2069","34221.0"
"66","2069","33578.0"
"65","2070","1.449043E7"
"66","2070","1.5573803E7"
"65","2071","102850.0"
"66","2071","133946.0"
"67","2074","9400.0"
"68","2074","30500.0"
"69","2074","26800.0"
"15","2074","9600.0"
"16","2074","9300.0"
"65","2075","3233437.0"
"66","2075","3265000.0"
"65","2076","15344.0"
"66","2076","15093.0"
"65","2077","151040.0"
"66","2077","147724.0"
"65","2079","14986.0"
"66","2079","14812.0"
"65","2080","235000.0"
"66","2080","388000.0"
"65","2081","181750.0"
"65","2083","25000.0"
"66","2083","35000.0"
"65","2084","6141800.0"
"66","2084","6229500.0"
"65","2085","160527.0"
"66","2085","202004.0"
"65","2086","53000.0"
"66","2086","62000.0"
"65","2087","2425000.0"
"66","2087","2374000.0"
"65","2088","4000.0"
"65","2089","2000.0"
"65","2090","1880.0"
"65","2091","2460.0"
"65","2092","772700.0"
"66","2092","742400.0"
"65","2093","226000.0"
"66","2093","214000.0"
"65","2094","167000.0"
"66","2094","169000.0"
"65","2095","468000.0"
"66","2095","481000.0"
"65","2096","9400.0"
"66","2096","30500.0"
"65","2097","340000.0"
"66","2097","350000.0"
"65","2098","7416996.0"
"66","2098","7805110.0"
"65","2099","416713.0"
"66","2099","401231.0"
"65","2100","104073.0"
"66","2100","38057.0"
"65","2101","124744.0"
"66","2101","125118.0"
"65","2125","69396.0"
"66","2125","66910.0"
"67","2126","69396.0"
"68","2126","66910.0"
"69","2126","62788.0"
"15","2126","60478.0"
"16","2126","60428.0"
"65","2131","204894.0"
"66","2131","175684.0"
"65","2132","45119.0"
"66","2132","42055.0"
"65","2133","61963.0"
"66","2133","63141.0"
"65","2134","25213.0"
"66","2134","18584.0"
"65","2136","236857.0"
"66","2136","185374.0"
"65","2137","289171.0"
"66","2137","20283.0"
"65","2138","11925.0"
"66","2138","15994.0"
"65","2139","5.5178135E7"
"66","2139","5.7748882E7"
"65","2140","1.5459388E7"
"66","2140","1.6440882E7"
"65","2141","1435176.0"
"66","2141","1455484.0"
"65","2142","1393690.0"
"66","2142","1442205.0"
"65","2143","1305771.0"
"66","2143","1324052.0"
"65","2144","9443507.0"
"66","2144","1.0546992E7"
"81","2145","48798.0"
"82","2145","48274.0"
"81","2146","30051.0"
"82","2146","29861.0"
"65","2147","6447.0"
"66","2147","6355.0"
